comune,provincia,nome_museo,sito_web,statale_non_statale,omr,sistema_museale_territoriale,sistema_museale_urbano,sistema_museale_tematico,casa_museo,indirizzo,localita,ubicazione,cap,telefno,fax,email,latitudine,longitudine
56001,56,MUSEO DEL FIORE,www.museodelfiore.it,Non MIBACT,OMR,Sistema museale del lago di Bolsena,,RESINA,,PREDIO GIARDINO; 37,Frazione TORRE ALFINA,-,1021.0,763733642,763731175,info@museodelfiore.it,42.7477229,11.8630202
56001,56,Museo della città,www.museoacquapendente.it,Non MIBACT,OMR,Sistema museale del lago di Bolsena,,MUSART,,via Roma; 85,,Palazzo Vescovile,1021.0,0763 7309205,0763 711215,museo.civ.dioc@comuneacquapendente.it,42.7427749999999,11.869035
56001,56,museo della città,,Non MIBACT,OMR,Sistema museale del lago di Bolsena,,,,piazzetta dell'orologio,,Palazzo Monaldeschi,1023.0,0761 796914,,info@simulabo.it,42.7477229,11.8630202
60003,60,museo civico,-,Non MIBACT,OMR,,,PROUST,,corso Cavour; 3,-,All'interno del centro storico di Alatri,3011.0,0775459009  07754481 (Comune),775459009,comune_alatri@libero.it  culturaeturismo@comune.alatri.fr.it,41.726062,13.3437249
58003,58,museo civico- ARCHEOLOGICO DI VILLA FERRAIOLI,-,Non MIBACT,OMR,Sistema museale dei Castelli romani e prenestini MUSEUMGRANDTOUR,,,,VIALE RISORGIMENTO; 3,Albano,VILLA FERRAIOLI,41.0,69323490,69325759,museo@comune.albanolaziale.rm.it,41.7271471,12.6608336
58004,58,museo civico 'ADOLFO KLITSCHE DE LA GRANGE',www.digilander.libero.it/museoallumiere,Non MIBACT,OMR,,,RESINA,,PIAZZA DELLA REPUBBLICA; 29,Allumiere,Palazzo della Reverenda Camera Apostolica,51.0,766967793,766967793,museoallumiere@tiscali.it,42.1565471,11.9010691
57002,57,museo civico DI ARTE SACRA COLA FILOTESIO DI AMATRICE,-,Non MIBACT,OMR,,,MUSART,,VIA COLA; 47,AMATRICE,-,2012.0,074683081 int 27,746825682,museocivico@comune.amatrice.it,42.6298728,13.2878048
60006,60,MUSEO DEL TESORO DELLA CATTEDRALE E LAPIDARIO,www.anagnicattedrale.org,Non MIBACT,,,,,,VIA LEONE XIII; 5,-,C/o Cattedrale di Anagni,3012.0,775728374,7755728374,anagnicattedrale@libero.it,41.742697,13.1622
60006,60,MOSTRA PERMANENTE 'TOMMASO GISMONDI',-,Non MIBACT,,,,,,PIAZZA INNOCENZO III; 25,-,-,3012.0,775727856,775727856,-,41.742993,13.161588
58005,58,MUSEO STORICO DELLA CIVILTA' CONTADINA E DELLA CULTURA POPOLARE 'AUGUSTO MONTORI',www.parcodeilaghi.it/museo/visitamuseo.htm,Non MIBACT,,,,,,TORRE ORSINI; SNC,Anguillara Sabazia,Giardini del Torrione,61.0,699608241,69994096,associazionesabate@tiscali.it,42.0914785999999,12.2715458
58006,58,CIVICO MUSEO D'ARTE MODERNA E CONTEMPORANEA,-,Non MIBACT,,Sistema MEDANIENE,,,,PIAZZA SANTA VITTORIA; 2,Anticoli Corrado,Edificio,22.0,774936657,774936657,museoanticoli@hotmail.it,42.01028,12.9882
57003,57,MUSEO STORICO MILITARE ALPINI - FORZE ARMATE - ALPINO CAV. EMANUELE GALGANI,www.comunediantrodoco.it,Non MIBACT,,,,,,VIA DEL PONTE; 8,ANTRODOCO,PALAZZO BLASETTI,2013.0,0746-578185,0746-578623,culturaesport@comunediantrodoco.it,42.417383,13.080082
57003,57,MUSEO DELLA CITTA' LIN DELIJA E CARLO CESI,www.museoantrodoco.it,Non MIBACT,OMR,,,MUSART,,CORSO ROMA; 9,ANTRODOCO,-,2013.0,746578379,746578623,culturaesport@comunediantrodoco.it,42.4173319999999,13.07929
58007,58,MUSEO DELLO SBARCO DI ANZIO,www.sbarcodianzio.it,Non MIBACT,,,,,,VIA DI VILLA ADELE; SNC,Anzio,Villa Adele,42.0,69848059,69848059,info@sbarcodianzio.it,41.4495955,12.6197253
58007,58,museo civico ARCHEOLOGICO,www.regione.lazio.it/musei/anzio/index.php,Non MIBACT,OMR,,,PROUST,,VIA DI VILLA ADELE; 2,Anzio,Villa Adele,42.0,698499479,698499408,museoarcheologico@comune.anzio.roma.it,41.4503517,12.6302093
60007,60,MUSEO DELLA CITTA',-,Non MIBACT,OMR,,,PROUST,,VIA LATINA ANTICA; SNC,-,-,3031.0,776729061,0776728603 / 0776729,museoaquino@libero.it  museoaquino@virgilio.it,41.4993641,13.7039714
60008,60,MUSEO TERRITORIALE 'GENTE DI CIOCIARIA',www.xvcomunitamontanalazio.it,Non MIBACT,,,,,,PIAZZA UMBERTO I; SNC,-,-,3032.0,776523171,776524092,info@xvcomunitamontanalazio.it,41.5855679,13.5730857
58008,58,MUSEO COMUNALE VILLA DI TRAIANO,www.arcinazzo.org,Non MIBACT,OMR,Sistema MEDANIENE Sistema PRE.GIO,,PROUST,,VIA SUBLACENSE KM 30; SNC,ALTIPIANI DI ARCINAZZO,-,20.0,774808006,774808263,info@arcinazzo.org,41.878652,13.1163715
58008,58,MUSEO DELLA CULTURA CONTADINA,-,Non MIBACT,,,,,,VIA DEL FORNO; SNC,-,-,20.0,774808006,774808263,info@arcinazzo.org,41.878652,13.1163715
58117,58,Museo Giacomo Manzù,www.museomanzu.beniculturali.it,MIBACT,,,,,,Via Laurentina; Km 32;800,-,-,40.0,69135022,69135022,marcella.cossu@beniculturali.it,41.6079691,12.5432586
58009,58,museo del barocco di Palazzo Chigi di Ariccia,www.palazzochigiariccia.it,Non MIBACT,OMR,,,,,PIAZZA DI CORTE; 14,-,PALAZZO CHIGI,40.0,69330053,69330988,info@palazzochigiariccia.it,41.7215444,12.6722216
60010,60,MUSEO DELL'ARTE DELLA LANA,www.arpinoturismo.it,Non MIBACT,,,,,,VIA DELL'AQUILA ROMANA; SNC,ARPINO,EX CHIESA DI S. DOMENICO,3033.0,776649241,776850057,museiciviciarpino@libero.it,41.6451345,13.6126251
60010,60,MUSEO DELLA LIUTERIA 'EMBERGHER-CERRONE',www.arpinoturismo.it,Non MIBACT,,,,,,CORSO TULLIANO; 49,ARPINO,PALAZZO FELLUCA-MEROLLE,3033.0,776849241,776848535,museiciviciarpino@libero.it,41.6475549,13.611157
60010,60,Museo della Fondazione “Umberto Mastroianni”,www.fondazionemastroianni.it,Non MIBACT,OMR,,,,,,piazza Caduti dell'aria,Castello Ladislao,3033.0,0776 848105,,info@fondazionemastroianni,,
58010,58,MUSEO DELLE TRADIZIONI MUSICALI,www.prolocodiarsoli.it/museo%20tradizioni%20musicali.htm,Non MIBACT,OMR,Sistema MEDANIENE,,DEMOS,,CORSO BORGO SAN BARTOLOMEO; 63,-,COMPLESSO EX GRANAIO MASSIMO; PIAN TERRENO.,23.0,774920006,774920313,ecomuseoarsoli@gmail.com  comune.arsolil@tiscalinet.it,42.0409796,13.0192664
58011,58,museo civico ARCHEOLOGICO 'R.LAMRECHTS',www.comune.artena.rm.it,Non MIBACT,,,,,,VIA FLEMING; 20,-,GRANAIO BORGHESE,31.0,0695199051-95191074,69515119,servizio3@comune.artena.rm.it,41.7427628,12.9113366
58011,58,Museo del Collegio francescano,http://beni-culturali.provincia.roma.it/content/museo-del-collegio-francescano-santa-maria-del-ges%C3%B9,Non MIBACT,OMR,,,,,via del Convento 83,,Convento di Santa Maria del Gesù,31.0,06 951911,06 9519408,info@convento-francescano-artena.it,41.739118,12.907852
60011,60,MUSEO ARCHEOLOGICO DI ATINA E DELLA VALLE DI COMINO,www.comune.atina.fr.it,Non MIBACT,OMR,,,PROUST,,VIA VITTORIO EMANUELE III; SNC,ATINA,"EX EDIFICIO SCOLASTICO ""G. VISOCCHI"" - ATINA",3042.0,776609131,776609131,museo.atina@virgilio.it,41.6193372,13.8015603
60011,60,Académie Vitti,www.ciceroneweb.it,Non MIBACT,OMR,,,MUSART,,via Sode; 180,loc. Ponte Melfa,casa dove vissero Maria e Giacinta Caira e Cesare Vitti,3042.0,0775 211417 - 398 8168855,,cesare.erario@libero.it,41.6393746,13.769488
60012,60,MUSEO DELLA PIETRA,-,Non MIBACT,OMR,,,DEMOS,,VIA SAN MICHELE SNC,centro storico,c/o Castello Medievale,3040.0,0776-952021,0776-953014,comunediausonia@libero.it,41.3570246,13.7507436
56003,56,ASSOCIAZIONE STORICO CULTURALE 'PIERO TARUFFI',www.museotaruffi.it,Non MIBACT,,,,,,VIA FIDANZA; 55,BAGNOREGIO,-,1022.0,761780811,761780811,museotaruffi@libero.it,42.6268278,12.097789
56003,56,museo geologico delle frane,,Non MIBACT,OMR,Sistema museale del lago di Bolsena,,RESINA,,piazza San Donato,Civita di Bagnoregio,Palazzo Alemanni,1022.0,328 6657205,,info@museogeologicodellefrane.it,42.6059711,12.1164675
56004,56,MUSEO ETRUSCO,-,Non MIBACT,,,,RESINA,,PIAZZA SANT'ANGELO; 2,-,-,1010.0,761414531,-,-,42.2493916,12.0671746
56005,56,Villa Giustiniani Odescalchi,-,MIBACT,,,,,,Piazza Umberto I,Centro storico,-,1030.0,0761 636065,0761 636065,-,42.320723,12.053402
59002,59,MUSEO DELLE SCRITTURE ALDO MANUZIO,-,Non MIBACT,OMR,,,DEMOS,,VIA ALDO MANUZIO; 117,Bassiano,-,4010.0,773355013,773355013,mds@comune.bassiano.lt.it,41.549187,13.03269
56007,56,museo civico GUSTAVO VI ADOLFO DI SVEZIA - SEZIONE DEMO-ANTROPOLOGICA,-,Non MIBACT,OMR,,,DEMOS,,VIA UMBERTO I; SNC,Blera,-,1010.0,761471057,761470566,info_museoblera@yahoo.it,42.2759082,12.0254639
56008,56,MUSEO TERRITORIALE DEL LAGO DI BOLSENA,www.regione.lazio.it/musei/museo_bolsena/,Non MIBACT,OMR,Sistema museale del lago di Bolsena,,,,piazza Monaldeschi,-,Castello,1023.0,761798630,-,museo@comunebolsena.it,42.6463309,11.9858125
56008,56,Area del Foro e Domus Privatae della Città Romana di Volsinii,-,MIBACT,,,,,,Via Orvietana,Località Poggio Moscini,-,1023.0,-,-,-,42.6503548,11.9849578
56009,56,PARCO DEI MOSTRI; SACRO BOSCO DI BOMARZO,-,Non MIBACT,,,,,,-, GIOARDINO,-,1020.0,761924029,761924029,boscosacro@interfree.it,42.48672,12.2502796
57008,57,museo civico,-,Non MIBACT,,,,MUSART,,PIAZZA UMBERTO I; 33,borgo velino,-,2010.0,746578896,746578525,comune.borgovelino@libero.it,42.405916,13.058259
58013,58,CASTELLO ODESCALCHI,-,Non MIBACT,,,,,,PIAZZA MAZZINI; 14,-,-,62.0,699802379,699802380,castello@odescalchi.it,42.104242,12.17703
58013,58,museo civico DI BRACCIANO,www.regione.lazio.it/musei/bracciano/index.php,Non MIBACT,OMR,,,MUSART,,VIA UMBERTO PRIMO; 5,-,-,62.0,699805106,699805106,museo@comune.bracciano.rm.it,42.1036407,12.1768087
58013,58,MUSEO DELL'OPERA DEL DUOMO DI S. STEFANO 'BRUNO PANUNZI',www.forumclodii.org,Non MIBACT,,,,,,largo della Cattedrale,-,-,62.0,3392326963,-,p.s.stefanobracciano@gmail.com,42.1039132999999,12.1786837
56010,56,OPERA BOSCO' MUSEO DI ARTE NELLA NATURA,www.operabosco.eu,Non MIBACT,OMR,,,MUSART,,LOCALITA' COLLE; SNC,-,-,1030.0,761588048,-,operabosco@operabosco.eu,42.21656,12.4211497
56010,56,MUSEO DELLA CIVILTA' CONTADINA,-,Non MIBACT,,,,,,via San Giovanni,-,C/O CHIESA DI S.GIOVANNI,1030.0,761587989,-,gisa.federici@libero.it,42.216552,12.418741
58015,58,museo civico ARCHEOLOGICO DI CAMPAGNANO,-,Non MIBACT,,,,,,CORSO VITTORIO EMANUELE II; 2,-,PALAZZO VENTURI,63.0,69042924,690159308,d.moretti@comunecampagnano.it,42.139157,12.3811129
56011,56,MUSEO DELLE TRADIZIONI POPOLARI DI CANEPINA,-,Non MIBACT,OMR,,,DEMOS,,LARGO MARIA DE MATTIAS; 7,-,EX CONVENTO DEI CARMELITANI,1030.0,761327677,761652359,info@cmcimini.it,42.3818609,12.2308363
56012,56,Tomba Francois,http://etruriameridionale.beniculturali.it,MIBACT,,,,,,Parco archeologico di Vulci,Località Vulci,Castello dell'Abbadia,1011.0,0761 437787,0761 437787,sba-em@beniculturali.it,42.419433,11.62714
56012,56,Museo Archeologico di Vulci,http://etruriameridionale.beniculturali.it,MIBACT,,,,,,-,Località Vulci,Castello dell'Abbadia,1011.0,0761 437787,0761 437787,sba-em@beniculturali.it,,
58018,58,museo civico TORRE DELL'OROLOGIO,www.comunedicapena.it,Non MIBACT,,,,,,PIAZZA SAN LUCA; 1,CAPENA,VIA MONTEBELLO,60.0,690376025,69074301,servizisociali@comunedicapena.it,42.140007,12.5400069
58018,58,Area Archeologica di Lucus Feroniae e Museo Archeologico,-,MIBACT,,,,,,Strada Statale 3 bis Tiberina; Km 18; 500,-,Edificio costruito ex novo,60.0,69085173,-,-,42.1409078,12.5394045
58018,58,Art Forum WURTH,www.artforumwuerth.it,Non MIBACT,OMR,,,MUSART,,viale Buona Fortuna;2,loc. Scorano,,60.0,06 901 038 00,06 901 034 00,art.forum@wuerth.it,42.1233499999999,12.59595
56013,56,MUSEO DELLA NAVIGAZIONE NELLE ACQUE INTERNE,www.comune.capodimonte.vt.it,Non MIBACT,,,,,,VIALE REGINA MARGHERITA;SNC,capodimonte,-,1010.0,761870043,761871206,comunecapodimonte@itpec.it,42.5496671,11.9121837
56014,56,museo delle confraternite,,Non MIBACT,OMR,,,,,via Annibal Caro,,,1012.0,0761 6679209,0761 6679232,capranicasegreteria@hotmail.com,42.2595445,12.1746311
58019,58,museo civico NATURALISTICO DEI MONTI PRENESTINI,www.comunecapranica.it,Non MIBACT,OMR,Sistema PRE.GIO,,RESINA,,PIAZZA ARISTIDE FREZZA; 6,-,PALAZZO BARBERINI,30.0,69584126,69584337,museo@comunecapranica.it,41.8621223,12.9521942
56015,56,Palazzo Farnese,-,MIBACT,,,,,,Piazzale Farnese; 1,-,-,1032.0,0761 646052,0761 646052,-,42.32799,12.23776
58020,58,MUSEO 'LA REGGIA DEI VOLSCI',-,Non MIBACT,OMR,Sistema dei Monti Lepini,,,,VIA DELLA TORRE ANTICA; 4,Carpineto romano,-,32.0,69717434,697180029,museolareggia@alternatyva.it,41.6086643999999,13.0821906
58020,58,MOSTRA PERMANENTE I CIMELI DI LEONE XIII,-,Non MIBACT,,,,,,VIA LA ROSA; SNC,-,C/O CENTRO CULTURALE SAN NICOLA,32.0,697180028,697180029,culturacacarpineto@carpinetoromano.it,41.6086643999999,13.0821906
60019,60,MUSEO MULTIMEDIALE HISTORIALE DI CASSINO,www.museohistoriale.org,Non MIBACT,,,,,,VIA SAN MARCO 23,Cassino,-,3043.0,776313852,77622996,info@museohistoriale.org,41.4838568,13.828683
60019,60,Museo Archeologico Nazionale G. Carettoni,www.archeolz.arti.beniculturali.it,MIBACT,,,,,,Via di  Montecassino; Km 1;00,-,-,3043.0,0776 301168,0776 301168,sba-laz.museocassino@beniculturali.it,41.4907889,13.8333776
60019,60,Museo dell'Abbazia di Montecassino,www.abbaziamontecassino.org,Non MIBACT,OMR,,,,,,via Montecassino,Abbazia di Montecassino,3043.0,0776 311529,,info@abbaziamontecassino.org,,
58025,58,museo civico,http://beni-culturali.provincia.roma.it/content/museo-civico-di-castel-san-pietro,Non MIBACT,OMR,Sistema PRE.GIO,,,,piazza Vittorio Veneto,,Palazzo Mocci,30.0,06 9538481,06 9538481,ilbetilo@tiscali.it,42.2449244,12.6930347
57014,57,MUSEO DELL'OLIO DELLA SABINA,-,Non MIBACT,OMR,,,MUSART,,VIA PERELLI; 1,-,PALAZZO PERELLI,2031.0,76536370,76536370,museoliosabina@libero.it,42.231967,12.742877
60023,60,museo civico ARCHEOLOGICO,-,Non MIBACT,,,,,,VIA ANTONINO CARNEVALE 24,MADONNA DEL PIANO,edificio unico ed autonomo,3020.0,775686829,775610128,museo_archeo@libero.it,41.5155229,13.4022656
56020,56,Museo del brigantaggio,www.museobrigantaggiocellere.it,Non MIBACT,OMR,Sistema museale del lago di Bolsena,,DEMOS,,via Marconi; 20,,Ex mattatoio,1010.0,0761 451791 - 392 7013553,,info@museobrigantaggiocellere.it,42.5101727,11.7744435
60025,60,PICCOLO MUSEO,-,Non MIBACT,,,,,,VIA MONS. PIETRO CORVI; 1,PADRI CARMELITANI SCALZI - CEPRANO,CONVENTO,3024.0,775914148,775914148,ceprano@carmelitaniroma.it,41.5443553,13.512173
60025,60,museo civico ARCHEOLOGICO DI GREGELLAE,-,Non MIBACT,OMR,,,,,CORSO DELLA REPUBBLICA,CEPRANO,SEDE COMUNALE,3024.0,7759174237,775912754,museo.ceprano@libero.it,41.5443553,13.512173
58028,58,MUSEO DELLA MONTAGNA,-,Non MIBACT,OMR,,,,,VIA VERDI; SNC,-,-,20.0,774828275,774828762,cervaradiroma.comune@virgilio.it,41.9883357,13.0682609
60026,60,MUSEO DELL'ARTE ORAFA,www.comune.cervaro.fr.it,Non MIBACT,,,,,,PIAZZA COLLE; 1,-,-,3044.0,776367001,776366354,servizisociali@comune.cervaro.sr.it,41.4889575,13.8813948
58029,58,Museo Nazionale Archeologico Cerite,htpp://etruriameridionale.beniculturali.it,MIBACT,,,,,,Piazza S.Maria; s.n.c,-,-,53.0,69941354,69940001,rita.cosentino@beniculturali.it,41.9501785,12.1580896
58029,58,Necropoli della Banditaccia,htpp//:etruriameridionale.beniculturali.it,MIBACT,,,,,,Piazzale Mario Moretti (già della Necropoli),-,-,53.0,69940001,69940001,sba-em@beniculturali.it,41.9967003999999,12.0973997
58026,58,museo civico “Città di Cave”,www.comune.cave.rm.it/joomla/index.php?option=com_content&view=article&id=106&Itemid=207&lang=it,Non MIBACT,OMR,Sistema PRE.GIO,,,,via Cavour 27,,ex Ospedale Mattei – ex Convento degli Agostiniani,33.0,347 5438042,,museocivicocave@gmail.com,,
56021,56,COMUNE DI CIVITA CASTELLANA - MUSEO DELLA CERAMICA 'CASIMIRO MARCANTONI',www.comune.civitacastellana.vt.it,Non MIBACT,,,,,,VIA A. GRAMSCI 3,-,Ex Chiesa di San Giorgio,1033.0,7615901,761517253,comune.civitacastellana@legalmail.it,42.2883761,12.4154127
56021,56,Museo Archeologico dell'Agro Falisco e Forte Sangallo,-,MIBACT,,,,,,Via del Forte; snc,-,-,1033.0,0761 513735,0761 513735,-,42.2891482,12.4143169
58032,58,Museo Archeologico Nazionale,www.151.12.58.164/etruria/index.php?it/138/museo-archeologico-nazionale-di-civitavecchia,MIBACT,,,,,,Largo Cavour; 1,Centro storico,c/o ingresso area portuale,53.0,76623604,76623604,sba-em@beniculturali.it,42.0911188,11.7927465
58032,58,Terme Taurine o di Traiano,www.prolococivitavecchia.it,MIBACT,,,,,,Via delle Terme Taurine,Località Terme Taurine - Uscita Civitavecchia Nord,-,53.0,076623604   076620209,76623604,prolococivitavecchia@inwind.it,42.096476,11.790757
60029,60,museo vivo della memoria,www.museovivodellamemoria.it/,Non MIBACT,OMR,,,,,via Roma 66,,,3030.0,0776 560051,,museovivodellamemoria@gmail.com,41.5513908,13.695498
58034,58,MUSEO ARCHEOLOGICO DEL TERRITORIO TOLERIENSE,-,Non MIBACT,OMR,,,PROUST,,VIA CARPINETANA SUD; 144,Colleferro,-,34.0,69781169,69781169,museo@comune.colleferro.rm.it,,
60028,60,Abbazia di Trisulti,-,MIBACT,,,,,,Via Trisulti; 8,-,-,3010.0,77547024,-,-,41.76406,13.37067
59006,59,MUSEO DELLA CITTA' E DEL TERRITORIO,-,Non MIBACT,OMR,Sistema dei Monti Lepini,,PROUST,,via Giacomo Matteotti,Cori,-,4010.0,696617243,696617243,museo@comune.cori.lt.it,41.6435150999999,12.9136293
57027,57,MUSEO DEL SILENZIO,www.museodelsilenzio.it,Non MIBACT,OMR,,,MUSART,,SANTA MARIA IN CASTELLO; SNC,FARA SABINA,-,2032.0,765277021,765277021,info@museodelsilenzio.it,42.2092663,12.7293035
57027,57,museo civico ARCHEOLOGICO DI FARA SABINA,www.sabinideltevere.it,Non MIBACT,OMR,,,,,PIAZZA DUOMO; 3,FARA SABINA,-,2032.0,7652779211,765277321,marialuisaagneni@virgilio.it,42.209457,12.728759
57027,57,ABBAZIA DI FARFA,www.abbaziadifarfa.it,Non MIBACT,,,,,,VIA DEL MONASTERO; 1,-,-,2032.0,765277065,-,farfenprior@libero.it,42.2212858,12.7184454
56026,56,museo civico FERRANTE RITTATORE VONWILLER,www.simulabo.it,Non MIBACT,OMR,Sistema museale del lago di Bolsena,,PROUST,,VIA COLLE SAN MARTINO; 16,Farnese,-,1010.0,761458849,761458849,museofarnese@virgilio.it  museofarnese@simulabo.it,42.5498,11.72706
58036,58,Villa dei Volusii,-,MIBACT,,,,,,Via Tiberina; Km 17;300,Bambocci,-,65.0,-,-,-,42.1702573,12.5922521
58120,58,Area Archeologica del Porto di Traiano,-,MIBACT,,,,,,Via Portuense,-,-,54.0,66529192,-,-,41.773333,12.2458544
58120,58,Necropoli di Porto - Isola Sacra,-,MIBACT,,,,,,Via di Monte Spinoncia; 52,-,-,54.0,66583888,-,-,,
58120,58,Basilica di S. Ippolito e annesso Antiquarium,-,MIBACT,,,,,,Via Redipuglia,Angolo Col Moschin - Isola Sacra - Fiumicino,-,54.0,656358043,65651500,-,41.7723835,12.2659112
58038,58,museo civico DELL'AGRO VEIENTANO,www.comune.formello.rm.it,Non MIBACT,OMR,,,PROUST,,PIAZZA SAN LORENZO SNC,Formello,Palazzo Chigi,60.0,690194240,69089577,museo@comune.formello.rm.it,42.0820027,12.4036987
58038,58,CASOLARE 311 - CASA COLONICA E MUSEO DELLA CIVILTA' COMTADINA,www.casolare311.it,Non MIBACT,OMR,,,PROUST,,VIA SANTI MARTIRI; 12,Perazzeta - Formello,Casa colonica n. 311,60.0,69084255,690154548,museo.casolare311@gmail.com,42.0614867,12.4452727
59008,59,Museo Archeologico Nazionale,www.archeolz.arti.beniculturali.it,MIBACT,,,,,,Via Vitruvio; 184,-,Palazzo Comunale,4023.0,0771 770382,0771 770382,sba-laz.museoformia@beniculturali.it,41.255707,13.6061587
58039,58,MUSEO TUSCOLANO - SCUDERIE ALDOBRANDINI,www.scuderiealdobrandini.org,Non MIBACT,OMR,Sistema museale dei Castelli romani e prenestini MUSEUMGRANDTOUR,,,,PIAZZA GUGLIELMO MARCONI; 6,-,-,44.0,69417195,69417195,eventi@comune.frascati.rm.it,41.8060816,12.680226
58039,58,MUSEO ETIOPICO G. MASSAIA,-,Non MIBACT,OMR,,,,,VIA CARDINALE MASSAIA; 26,-,CONVENTO DEI CAPPUCCINI,44.0,694010439,-,prorivi@in.it  capfras@osmcap.org,41.8045238,12.6838608
60038,60,MUSEO ARCHEOLOGICO COMUNALE,www.comune.frosinone.it,Non MIBACT,OMR,,,,,VIA XX SETTEMBRE; 32,Centro storico,C/o Cattedrale di S. Maria,3100.0,775212314,775859292,museo@comune.frosinone.it,41.6393732,13.3523829
59009,59,MUSEO DIOCESANO E DELLA RELIGIOSITA' DEL PARCO DEI MONTI AURUNCI,-,Non MIBACT,OMR,,,,,PIAZZA CARDINALE TOMMASO DE VIO; 9,-,PALAZZO CARDINALE TOMMASO DE VIO,4024.0,771700287,7714530234,beniculturali@arcidiocesigaeta.it,41.2107299,13.5714285
59009,59,MUSEO DE CENTRO STORICO CULTURALE GAETA,-,Non MIBACT,,,,,,via Annunziata; 7,GAETA,COMPLESSO SS. ANNUNZIATA,4024.0,771464293,-,centrostoricult@tiscali.it,41.2125976,13.580395
56027,56,MUSEO DI GALLESE - CENTRO CULTURALE 'MARCO SCACCHI',-,Non MIBACT,OMR,,,,,VIA LORENZO FILIPPINI; SNC - GALLESE,-,-,1035.0,761495503,761495535,museo@comune.gallese.vt.it,42.3716913,12.402601
58042,58,Centro internazionale d'arte contemporanea CIAC,www.ciacmuseum.com,Non MIBACT,OMR,Sistema museale dei Castelli romani e prenestini,,MUSART,,piazza San Nicola; 4,,Castello Colonna,30.0,,,info@ciacmuseum.com,41.8458692,12.9453143
58042,58,Museo del Santuario “Madre del Buon Consiglio”,www.genazzanobuonconsiglio.it/index.php?option=com_content&view=article&id=77&Itemid=69,Non MIBACT,OMR,,,,,corso Cardinale Vannutelli 2,, Convento del Santuario della Madonna del Buon Consiglio,30.0,06 9579002,06 95570163,santuariombc@gmail.com,41.8361406,12.9733452
58044,58,MUSEO DELL'INFIORATA,www.infioratadigerano.it,Non MIBACT,,,,,,VIA DEL MUNICIPIO; 8,-,-,25.0,774798002,774798875,info@gerano.comnet.roma.it,41.933727,12.994087
58044,58,MOSTRA PERMANENTE 'LA CASA DELLE ANTICHE SCATOLE DI LATTA',www.casadellescatole.org,Non MIBACT,,,,,,VIA DEL PALAZZO; 8,-,-,25.0,3487960033,-,scatolemarina@hotmail.com,41.9331656,12.9936884
60041,60,museo del vulcanismo Ernico MUVE,,Non MIBACT,OMR,,,RESINA,,via San Tommaso,,Palazzo Brettagna,3020.0,,,,41.8229064,12.5083767
56028,56,MUSEO DEL COSTUME FARNESIANO,www.comune.gradoli.vt.it,Non MIBACT,OMR,Sistema museale del lago di Bolsena,,MUSART,,PIAZZA LUIGI PALOMBINI; 2,-,PALAZZO FARNESE,1010.0,761456082,761456052,comunedigradoli@legalmail.it,42.64409,11.85619
58046,58,Abbazia Greca di San Nilo,www.abbaziagreca.it,MIBACT,,,,,,Via di San Nilo; snc,Grottaferrata,Chiesa di Santa Maria,46.0,06 9459309,06 9456734,segreteria@abbaziagraca.it,41.7865663,12.6735914
56030,56,museo archeologico e delle tradizioni popolari,www.simulabo.it,Non MIBACT,OMR,Sistema museale del lago di Bolsena,,,,piazza Giacomo Matteotti,,Palazzo di Jacopo Barozzi da Vignola sec. XVI,1025.0,0763 796983,,bibliotecagrotte@libero.it,42.6852104,11.9022259
58047,58,ANTIQUARIUM 'DON CELESTINO PICCOLINI',www.guidonia.org,Non MIBACT,,,,,,VIA MONTE ALBANO; SNC,MONTECELIO,-,12.0,0774-511053  301290,0774-303434,pubblicaistruzione@guidonia.org,41.9939694,12.7245045
56031,56,museo civico ARCHEOLOGICO 'PIETRO E TURIDDO LOTTI',-,Non MIBACT,OMR,Sistema museale del lago di Bolsena SIMULABO,,,,PIAZZA CAVALIERI VITTORIO VENETO,-,-,1010.0,0761-425455,0761-425400,ischia_museocivico@libero.it,42.544076,11.7609336
59010,59,MUSEO DEMOETNOANTROPOLOGICO DEL BRIGANTAGGIO NEL LAZIO MERIDIONALE,www.museobrigantaggio.it,Non MIBACT,OMR,,,DEMOS,,CORSO APPIO CLAUDIO; 268,-,-,4020.0,771721061,771721061,info@museobrigantaggio.it,41.29014,13.5241522
58050,58,museo civico LANUVINO,-,Non MIBACT,OMR,Sistema museale dei Castelli romani e prenestini MUSEUMGRANDTOUR,,PROUST,,PIAZZA DELLA MADDALENA; 16,Lanuvio,Piano terra del Palazzo Comunale,40.0,693789237,693789229,cultura@lanuvio.comnet.roma.it,41.6136596,12.6928858
56032,56,MUSEO DELLA TERRA,www.simulabo.it; /www.regione.lazio.it/musei/latera/,Non MIBACT,OMR,Sistema museale del lago di Bolsena SIMULABO,,DEMOS,,VIA DELL'OSTERIA; SNC,Latera,Grancia di San Pietro,1010.0,761459041,761459476,museo@comune.latera.vt.it,42.6300003,11.8280678
59011,59,MUSEO DI PIANA DELLE ORME,-,Non MIBACT,OMR,,,,,VIA MIGLIARA 43;5 N.29, BORGO FAITI,-,4100.0,773258708,773255000,info@pianadelleorme.it,41.4404286,12.967055
59011,59,museo civico 'DUILIO CAMBELLOTTI',-,Non MIBACT,OMR,,,MUSART,,PIAZZA SAN MARCO; 1,-,-,4100.0,773486913,773652640,musei@comune.latina.it,41.4648784,12.9032256
59011,59,GALLERIA CIVICA D'ARTE MODERNA E CONTEMPORANEA,-,Non MIBACT,OMR,,,MUSART,,VIA UMBERTO I; 39,-,PALAZZO DELLA CULTURA,4100.0,773652624,773652640,musei@comune.latina.it,41.4632909,12.9056205
59011,59,MUSEO 'M. VALERIANI' DELLA NUMISMATICA; DELLA MEDAGLIA; DELLA GRAFICA INCISA E DELLA FOTOGRAFIA,-,Non MIBACT,,,,MUSART,,VIA UMBERTO I; 39/41,-,PALAZZO DELLA CULTURA,4100.0,773652633,773652640,musei@comune.latina.it,41.4632909,12.9056205
59011,59,ANTIQUARIUM COMUNALE PROCOJO,-,Non MIBACT,OMR,,,PROUST,,STRADA FOCE VERDE; 53,BORGO SABOTINO,-,4100.0,773655060,773652640,musei@comune.latina.it,41.4292321,12.8211636
59011,59,MUSEO DELLA TERRA PONTINA,-,Non MIBACT,,,,,,PIAZZA DEL QUADRATO 24,-,c/o Palazzo ex ONC.,4100.0,773400088,773400088,museo.terrapontina@hotmail.it,41.4663764,12.8986827
57033,57,museo civico DEMO-ANTROPOLOGICO DI LEONESSA,www.museum-eu.it,Non MIBACT,OMR,,,,,VIA DI SAN FRANCESCO; 85,LEONESSA,C/O EX CONVENTO; CHIOSTRO DI SAN FRANCESCO,2016.0,746923212,746923219,comunedileonessa@comunedileonessa.it,42.5631277,12.9644199
57033,57,MUSEO DELLA NOSTRA TERRA,-,Non MIBACT,,,,,,VIA COMUNALE DI OCRE LEONESSA; 79,Frazione Ocre-Comune di Leonessa,-,2016.0,335465412,-,franco.bonelli@alice.it,42.5660721,12.962445
58051,58,museo civico ORAZIANO,-,Non MIBACT,,,,,,PIAZZA DEL PALAZZO; 3,-,-,26.0,77446225,77446582,licenza.licenza@tin.it,,
58051,58,Villa di Orazio,www.archeolz.arti.beniculturali.it,MIBACT,,,,,,Via Licinese snc,-,-,26.0,06 3265961,06 3214447,sba-laz@beniculturali.it,42.0727827,12.9004489
56033,56,museo naturalistico,,Non MIBACT,OMR,,,RESINA,,piazza Col di Lana; 12,Ex Casa di Padella,,10120.0,0761 780391 - 327 0289027,,info@museolubriano.com,42.6363521,12.1102572
59013,59,Museo del paesaggio,,Non MIBACT,OMR,Sistema dei  Monti Lepini,,MUSART,,Piazza della Portella,Rione Belle donne,castello Caetani-Aldobrandini,4010.0,0773 951310,,comunemaenza@libero.it,41.5231443,13.1821084
57035,57,museo civico ARCHEOLOGICO,www.soi.cnr.it/magliano/,Non MIBACT,,,,,,VIA SABINA; 19,MAGLIANO SABINA,Palazzo Gori,2047.0,744910001,744910001,museo-civico-ms@libero.it,42.3611748,12.4826261
58057,58,MUSEO ARCHEOLOGICO UMBERTO MASTROIANNI,-,Non MIBACT,OMR,,,,,LARGO JACOPA DE' SETTESOLI; SNC,Marino,Ex Chiesa di S. Lucia,47.0,69385681,69385681,museocivicomarino@interfree.it,41.7700866,12.6585371
58058,58,museo civico archeologico-virtuale di Narce MAVNA,www.mavna.it,Non MIBACT,OMR,,,,,piazza Giovanni XXIII 12,,,60.0,,,info@mavna.it,42.20442,12.39963
59014,59,Comprensorio Archeologico di Minturnae,www.archeolz.arti.beniculturali.it,MIBACT,,,,,,Via Punta Fiume; snc,Marina di Minturno,-,4026.0,0771 622239,0771 680093,sba-laz.minturnae@beniculturali.it,41.2657426,13.7443642
58064,58,MUSEO DIFFUSO DEL VINO,www.comune.monteporziocatone.rm.it,Non MIBACT,OMR,Sistema museale dei Castelli romani e prenestini MUSEUMGRANDTOUR,Sistema museale urbano di Monte Porzio Catone,DEMOS,,VIA VITTORIO EMANUELE II; 22 - 32 - 46,monte porzio catone,-,40.0,689686503,69447471,musei@comune.monteporziocatone.rm.it,41.8167149999999,12.71471
58064,58,MUSEO DELLA CITTA',www.comune.monteporziocatone.rm.it,Non MIBACT,OMR,Sistema museale dei Castelli romani e prenestini MUSEUMGRANDTOUR,Sistema museale urbano di Monte Porzio Catone,PROUST,,VIA SIMONE POMARDI; 1,monte porzio catone,c/o Chiesa,40.0,694341031,69447471,musei@comune.monteporziocatone.rm.it,41.815562,12.713937
58064,58,INAF - OSSERVATORIO ASTRONOMICO DI ROMA,www.webdiva2.oa-roma.inaf.it,Non MIBACT,,,,,,VIA FRASCATI; 33,Monte Porzio Catone,C/o Osservatorio Astronomico,40.0,694286427,69449446,diva@oa-roma.inaf.it,41.8132628,12.7067247
56036,56,Museo dell'architettura di Antonio da Sangallo il Giovane,,Non MIBACT,OMR,Sistema museale del lago di Bolsena,,MUSART,,piazza della Rocca,,Rocca dei papi,1027.0,0761 832060,0761 820884,museosangallo@comune.montefiascone.vt.it,,
57041,57,museo civico ARCHEOLOGICO 'TREBULA MUTUESCA',-,Non MIBACT,OMR,,,PROUST,,VIA LUCIO MUMMIO; 11,Monteleone Sabino,Municipio,2033.0,765884014,765884340,museomonteleonesabino@gmail.com,42.2320965,12.859004
57044,57,MODERN AUTOMATA MUSEUM,www.modernautomatamuseum.com,Non MIBACT,OMR,,,MUSART,,VIA CASE NUOVE; 7,GRANARI,-,2034.0,765279821,765279559,info@modernautomatamuseum.com,42.2350319,12.682615
58069,58,POLO SCIENTIFICO MUSEALE - MUSEO DEL FIUME DI NAZZANO,www.museodelfiume.it,Non MIBACT,OMR,,,RESINA,,VIA MAZZINI; 4,Nazzano,Centro storico,60.0,0765 332002,0765 332710,museodelfiume@libero.it,42.229275,12.597577
58070,58,Museo delle Navi Romane di Nemi,www.archeolz.arti.beniculturali.it,MIBACT,,,,,,Via Diana; 15/19,Nemi Lago,-,40.0,06 9398040,06 9398040,sba-laz.nemi.museonaviromane@beniculturali.it,41.7202717,12.6832372
56039,56,museo civico ARCHEOLOGICO DI NEPI,-,Non MIBACT,OMR,,,PROUST,,VIA XIII SETTEMBRE; 1,-,PALAZZO COMUNALE,1036.0,761570604,761557960,museo@comune.nepi.vt.it,42.242992,12.347865
58072,58,Antiquarium comunale,http://beni-culturali.provincia.roma.it/content/museo-civico-antiquarium-comunale,Non MIBACT,OMR,,,,,via Antonio Gramsci 5,,Forte Sangallo,48.0,06 98889553,,direttore.antiquarium@comune.nettuno.roma.it,41.4568903,12.6552682
59016,59,museo civico ARCHEOLOGICO 'PADRE ANNIBALE GABRIELE SAGGI',www.regione.lazio.it/musei/civicoarcheologiconorma/,Non MIBACT,OMR,,,PROUST,,VIA DELLA LIBERAZIONE SNC,Norma,Palazzo Ex Comunale,4010.0,773353806,773354186,cultura@comunedinorma.it,41.5845715,12.975238
59016,59,MUSEO DEL CIOCCOLATO 'ANTICA NORBA',www.museodelcioccolato.com,Non MIBACT,,,,,,via Capo dell'Acqua; 17,-,-,4010.0,773354548,773353997,info@museodelcioccolato.com,41.5953393,12.9758537
58073,58,museo sulla pittura di paesaggio,www.amolevano.it,Non MIBACT,OMR,Sistema PRE.GIO,,,,Via H. Hindorf 1,,Villa De Pisa,35.0,06 95600118,,degiusti@gmail.com,41.8606478,13.031221
56041,56,Palazzo Altieri,-,MIBACT,,,,,,Piazza Umberto I; 1,-,-,1010.0,699837145,699837145,-,42.1594531,12.1379477
56042,56,MUSEO DELLE CONFRATERNITE,www.confraterniteorte.it,Non MIBACT,,,,,,PIAZZA DEL POPOLO; SNC,ORTE,C/O CHIESA DI SANT'AGOSTINO,1028.0,3206280189,761402640,robertorondelli@confraterniteorte.it,42.4574411,12.3869837
56042,56,Museo diocesano,www.diocesicivitacastellana.it,Non MIBACT,OMR,,,MUSART,,piazza Colonna; 5,,ex chiesa di San Silvestro,1028.0,0761 404357,,museodartesacraorte@gmail.com,42.460018,12.386315
56042,56,Museo civico,www.comune.orte.vt.it/c056042/zf/index.php/servizi-aggiuntivi/index/index/idtesto/27,Non MIBACT,OMR,,,,,via Pie' di marmo,,ex Chiesa di Sant'Antonio Abate,1028.0,0761 4041,0761 493303,info@comune.orte.vt.it,42.4574411,12.3869837
58074,58,MUSEO DIOCESANO PRENESTINO DI ARTE SACRA,-,Non MIBACT,OMR,Sistema museale dei Castelli romani e prenestini MUSEUMGRANDTOUR,,,,VIA ROMA; 23,-,-,36.0,69534428,69538116,museodiocesano@diocesipalestrina.it,,
58074,58,FONDAZIONE GIOVANNI PIERLUIGI DA PALESTRINA,-,Non MIBACT,,,,,,VICOLO PIERLUIGI; 3,-,-,36.0,69538083,69538083,fond.palestrina@tiscalinet.it,41.8394087,12.889351
58074,58,MUSEO DELLA RESISTENZA E DEGLI UNDICI MARTIRI,www.comune.palestrina.rm.it,Non MIBACT,,,,,,via Vigesimo,Vigesimo Via Pedemontana,-,36.0,069573176  0695302272-271,-,info@comune.palestrina.rm.it,41.8474420999999,12.861031
58074,58,Museo Archeologico Nazionale di Palestrina e Santuario della Fortuna Primigenia,www.archeolz.arti.beniculturali.it,MIBACT,,Sistema museale dei Castelli romani e prenestini MUSEUMGRANDTOUR,,,,Piazza della Cortina; 1,-,c/o Palazzo Barberini,36.0,06 9538100,06 9538100,sba-laz.palestrina@beniculturali.it,41.8405653,12.8925954
58075,58,ABBAZIA DI 'SAN GIOVANNI IN ARGENTELLA',-,Non MIBACT,,,,,,via San Giovanni in Argentella; 96,-,-,18.0,77466093,77466093,alessandrazielli@libero.it,42.055555,12.752177
60047,60,MUSEO DELLA CIVILTA' CONTADINA E DELL'ULIVO,www.museodipastena.it,Non MIBACT,,,,DEMOS,,VIA PORTA NAPOLI; SNC,Pastena,-,3020.0,776546006,776546261,museo@museodipastena.it,42.3427162,13.3958096
57050,57,MUSEO DELLE SUORE DI SANTA FILIPPA MARERI (EX MONASTERO,www.suoresantafilippa.it,Non MIBACT,OMR,,,,,piazza Santa Filippa Mareri; 17,BORGO SAN PIETRO,-,2025.0,746558134,746558367,filippaborgo@libero.it,42.272891,13.064391
58077,58,museo della canapa,www.pisoniano.rm.gov.it/servizi/musei/museo-della-canapa,Non MIBACT,OMR,Sistema PRE.GIO,,,,via Santa Maria 27,,,20.0, 0774 411316,,,41.9443338,12.9829846
58079,58,museo civico ARCHEOLOGICO LAVINIUM,www.museopomezia.it,Non MIBACT,OMR,,,PROUST,,via Pratica di mare,Borgo di  Pratica,edificio moderno,40.0,691984744,691984744,museo.lavinium@yahoo.it,41.6663807,12.4754378
60056,60,TESORO DI S. BARTOLOMEO,www.cattedralepontecorvo.it,Non MIBACT,,,,,,"BASILICA CATTEDRALE ""SAN BARTOLOMEO AP. """,Pontecorvo,C/O CATTEDRALE,3037.0,3313469988,-,cattedralepontecorvo@libero.it,41.4545679,13.6637674
59017,59,Museo Agro Pontino,www.museoagropontino.it,Non MIBACT,OMR,,,DEMOS,,piazza John Kennedy; 1,,,4014.0,0773 867422,,info@museoagropontino.it,41.4043988,13.0437426
59018,59,MUSEO COMUNALE DI PONZA,www.comune.ponza.lt.it,Non MIBACT,,,,,,VIA ROMA,Ponza,-,4027.0,77180108,771809718,-,40.8948998,12.9663529
60057,60,MUSEO NATURALISTICO ETNOGRAFICO DELLA RISERVA NATURALE LAGO DI POSTA FIBRENO,-,Non MIBACT,,,,,,PIAZZA CESARE BATTISTI; SNC,-,-,3030.0,776888021,776888021,labter@libero.it,41.6945459,13.6966165
59019,59,MUSEO PER LA MATEMATICA 'GIOCHIAMO ALL'INFINITO',www.sistemamuseo.it/museoid.php?uid=180,Non MIBACT,OMR,Sistema dei Monti Lepini,Sistema museale urbano di Priverno,,,VIA SAN MARTINO; SNC,SP SAN MARTINO 10,CASTELLO DI SAN MARTINO,4015.0,773904601,773904973,giochiamoallinfinito@libero.it,41.469922,13.1832534
59019,59,museo civico ARCHEOLOGICO,-,Non MIBACT,OMR,Sistema dei Monti Lepini,Sistema museale urbano di Priverno,PROUST,,Piazza Giovanni XXIII,Priverno,Palazzo Valeriani Guarini,4015.0,773905065,773905065,musarchpriverno@libero.it,41.471665,13.181888
59019,59,POLO MEDIEVALE DEL MUSEO ARCHEOLOGICO DI PRIVERNO,-,Non MIBACT,OMR,Sistema dei Monti Lepini,Sistema museale urbano di Priverno,PROUST,,VIA DEI GUITTI; SNC,Fossanova,ANTICA FORESTIERA CISTERCENSE,4015.0,773938006,773938006,musarchpriverno@libero.it,41.469922,13.1832534
59019,59,Abbazia di Fossanova,www.abbaziadifossanova.it,MIBACT,,,,,,Via S.Tommaso D'Aquino,Fossanova,-,4010.0,0773 939061,0773 939382,abbazia@libero.it,,
59019,59,Area archeologica Privernum,http://musarchpriverno.it,Non MIBACT,OMR,Sistema dei Monti Lepini,Sistema museale urbano di Priverno,,,SR Monti Lepini; Km 28;800,loc. Mezzagosto,Antica Privernum,4010.0,0773 905065,0773 905065,musarchpriverno@libero.it,,
57059,57,museo civico DI RIETI,www.regione.lazio.it/musei/rieti/,Non MIBACT,OMR,,,MUSART PROUST,,PIAZZA VITTORIO EMANUELE II; 1,Rieti,Municipio,2100.0,0746287212  287280,746253173,museocivico@comune.rieti.it  museocivicorieti@gmail.com,,
57059,57,MUSEO DIOCESANO,www.museodiocesanorieti.it,Non MIBACT,,,,,,VIA CINTIA; 83,-,-,2100.0,746482720,746200228,diocesi-rieti@libero.it,42.40241,12.85837
58083,58,MUSEO DELLE CULTURE 'VILLA GARIBALDI',-,Non MIBACT,OMR,Sistema MEDANIENE,,DEMOS PROUST,x,VIA COSTANZA GARIBALDI; 10,-,-,20.0,774929186,774929501,mudecu@libero.it,42.0595895,12.9978217
60058,60,museo dell'energia,,Non MIBACT,OMR,,,RESINA,,via Merigo Alto,ex mattatoio e lavatoio sec. XIX,,3027.0,0775 285160,,museoenergia.direttore@gmail.com,41.6110207,13.4263072
58085,58,"museo geo-paleontologico ""Ardito Desio""",www.museiresina.it/museodesio.htlm,Non MIBACT,OMR,,,RESINA,,piazza della Torre; 11,Rocca,,30.0,06 9584098,06 9584023,hipparcos.cds@tiscali.it,41.847297,12.945667
58086,58,MUSEO GEOFISICO,-,Non MIBACT,OMR,Sistema museale dei Castelli romani e prenestini MUSEUMGRANDTOUR,,RESINA,,VIA DELL'OSSERVATORIO; 42,Rocca di Papa,Osservatorio geodinamico,40.0,69496230,69496230,museoroccadipapa@ingv.it,41.7596254,12.710268
59021,59,ETNOMUSEO MONTI LEPINI,www.etnomuseo.it,Non MIBACT,OMR,Sistema dei Monti Lepini,,DEMOS,,PIAZZA RISORGIMENTO; 4,-,PALAZZO BARONALE,4010.0,773958792,773960000,info@etnomuseo.it,41.524705,13.156568
59021,59,museo civico 'ASSI DELL'AERONAUTICA',-,Non MIBACT,,,,,,via Domenico Menta,Roccagorga,"Edificio Scolastico ""Giuseppe Restaini""",4010.0,773959098,773960170,comune.roccagorga@libero.it,41.5248594,13.1574334
58091,58,VILLA FARNESINA,www.villafarnesina.it,Non MIBACT,,,,,,VIA DELLA LUNGARA; 230,-,-,165.0,668027268,668027397,farnesina@lincei.it  lapenta@lincei.it,41.8932875,12.4670254
58091,58,ARCHIVIO STORICO E MUSEO BIRRA PERONI,www.birraperoni.it,Non MIBACT,,,,,,VIA R. BIROLLI; 8,Roma,museo PERONI,155.0,622544296,62283442,museo@peroni.it,41.9048192,12.5984199
58091,58,MUSEO DEL DEPOSITO PLEISTOCENICO DI CASAL DE PAZZI,www.sovraintendenzaroma.it/i_luoghi/musei__1/altri_musei_e_collezioni__1/museo_di_casal_de_pazzi_deposito_pleistocenico,Non MIBACT,,,,,,VIA CICILIANO; SNC,REBIBBIA,ANGOLO CON VIA EGIDIO GALBANI,156.0,624404006,62417187,patrizia.gioia@comune.roma.it,41.932575,12.5699643
58091,58,MUSEO DELL'ARA PACIS,www.arapacis.it,Non MIBACT,OMR,,Sistema Musei in Comune,,,LUNGOTEVERE IN AUGUSTA; SNC,Roma,Edificio di architettura contemporanea,186.0,632652497,632652497,info.arapacis@comune.roma.it,41.8966008,12.4753205
58091,58,CASA DI GOETHE,www.casadigoethe.it,Non MIBACT,OMR,,,,x,VIA DEL CORSO; 18,Roma,Palazzo Bracci,186.0,632650412,632650449,info@casadigoethe.it,41.90895,12.47706
58091,58,MUSEO VENANZO CROCETTI,www.museocrocetti.it,Non MIBACT,OMR,,,,x,VIA CASSIA; 492,Roma,Edificio di architettura contemporanea,189.0,633711468,633711468,museo.crocetti@tiscali.it,41.958844,12.4541477
58091,58,MUSEO DEI BAMBINI Explora,www.2mdbr.it,Non MIBACT,OMR,,,,,VIA FLAMINIA; 80/86,Roma,Ex deposito ATAC,196.0,63613776,636086803,ptomasich@mdbr.it,41.9162144,12.4741244
58091,58,MUSEO STORICO DELLA GUARDIA DI FINANZA,www.gdf.it,Non MIBACT,,,,,,PIAZZA ARMELLINI; 20,Roma,caserma G. di F.,162.0,644238841,64404805,museostoricogdf@gdf.it,41.9180866,12.5225342
58091,58,MUSEI DI VILLA TORLONIA; CASINA DELLE CIVETTE,www.museivillatorlonia.it/,Non MIBACT,OMR,,Sistema Musei in Comune,,,VIA NOMENTANA; 70,Roma,VILLA TORLONIA,161.0,644250072,644250166,mariagrazia.massafra@comune.roma.it,41.9162393,12.5116325
58091,58,MUSEO DELLA SCUOLA ROMANA,www.museivillatorlonia.it,Non MIBACT,OMR,,Sistema Musei in Comune,,,VIA NOMENTANA; 70,Roma,VILLA TORLONIA / CASINO NOBILE,161.0,06-44252109/45472283,06-44252109,mariaitalia.zacheo@comune.roma.it,41.9162393,12.5116325
58091,58,MUSEI DI VILLA TORLONIA; CASINO NOBILE,-,Non MIBACT,OMR,,Sistema Musei in Comune,,,VIA NOMENTANA; 70,Roma,VILLA TORLONIA,161.0,644250072,644250166,annapaola.agati@comune.roma.it,41.9162393,12.5116325
58091,58,ISTITUTO DI STUDI PIRANDELLIANI,-,Non MIBACT,,,,,x,VIA ANTONIO BOSIO; 13B,Roma,villino del Ministero dello sviluppo economico,161.0,644291853,644291853,posta@studiodiluigipirandello.it,41.9163789,12.514081
58091,58,MUSEO DI IDRAULICA,www.musei.uniroma1.it/informamuseonew.asp?id=20,Non MIBACT,,,,,,VIA EUDOSSIANA; 20,Roma,Facoltà di Ingeneria - Università di Roma La Sapienza,184.0,644585084,644585094,marco.marchetti@uniroma1.it,41.892925,12.4930061
58091,58,MUSEO DI ANATOMIA PATOLOGICA,www.musei.uniroma1.it/anatomiapatologica/index.html,Non MIBACT,,,,,,VIALE REGINA ELENA; 324,Roma,DIPARTIMENTO DI MEDICINA SPERIMENTALE POLICLINICO UMBERTO I,161.0,64461484,64461484,pietro.gallo@uniroma1.it,41.908671,12.5118433
58091,58,MUSEO STORICO DELLA DIDATTICA 'MAURO LAENG',www.host.uniroma3.it/laboratori/museodidattica,Non MIBACT,,,,,,VIA MILAZZO 11 B,Roma,FACOLTA' SCIENZE DELLA FORMAZIONE; UNIVERSITA' ROMA 3,185.0,657339117,-,mus.did@uniroma3.it,,
58091,58,CASINO DELL'AURORA,www.casinoaurorapallavicini.it,Non MIBACT,,,,,,VIA XXIV MAGGIO; 43,Roma,PALAZZO PALLAVICINI,187.0,683467000,683467070,aurorapallavicini@saita.it,41.8983756,12.4868896
58091,58,MUSEO DELLA CARTOLINA,-,Non MIBACT,,,,,,VIA DEL CARDELLO 14A (PRESSO ENRICO STURANI),Roma,-,184.0,6.486.970,-,sturamail@yahoo.it,41.889187,12.4982572
58091,58,MUSEO ERBARIO DIPARTIMENTO DI BIOLOGIA AMBIENTALE,www.musei.uniroma1.it/erbario/index.html,Non MIBACT,,,,,,PIAZZALE ALDO MORO; 5,Roma,"C/O UNIVERSITÀ DI ROMA ""SAPIENZA""",185.0,649912410,649912409,erbario@uniroma1.it,41.9033594,12.515426
58091,58,MUSEO DI CHIMICA,-,Non MIBACT,,,,,,PIAZZALE A. MORO; 5 - UNIVERSITA' DEGLI STUDI LA SAPIENZA; DIPARTIMENTO DI CHIMICA,Roma,-,185.0,649913167,649913725,museodichimica@uniroma1.it,41.8977003,12.5097274
58091,58,MUSEO DELLE ORIGINI,www.musei.uniroma1.it/museodelleorigini/index.html,Non MIBACT,,,,,,PIAZZALE A. MORO; 5,Roma,FACOLTA' DI LETTERE,185.0,649913924,649913653,musori@rmcisadu.let.uniroma1.it,41.9033594,12.515426
58091,58,MUSEO DI PALEONTOLOGIA,www.dst.uniroma1.it/musei/museo_paleontologia/index.htm,Non MIBACT,,,,,,PIAZZALE ALDO MORO; 5,Città universitaria,C/O DIPARTIMENTO DI SCIENZE DELLA TERRA,185.0,649914315,06 4454729,museo.paleo@uniroma1.it,41.9033594,12.515426
58091,58,MUSEO DI FISICA,www.phys.uniroma1.it/dipweb/museo/home.htm,Non MIBACT,,,,,,PIAZZALE ALDO MORO; 5,"Università di Roma ""la Sapienza""",UNIVERSITA' DEGLI STUDI LA SAPIENZA; DIPARTIMENTO DI FISICA,185.0,649914334,64957697,fabio.sebastiani@roma1.infn.it,41.9033594,12.515426
58091,58,MUSEO DI STORIA DELLA MEDICINA,www.histmed.it/museo/museo.htm,Non MIBACT,,,,,,VIALE DELL'UNIVERSITA'; 34/A,"Università di Roma ""la Sapienza""",DIPARTIMENTO DI MEDICINA MOLECOLARE,185.0,649914445,64451721,alessandro.aruta@uniroma1.it,,
58091,58,MUSEO DI ZOOLOGIA DELL'UNIVERSITA' 'LA SAPIENZA',-,Non MIBACT,,,,,,PIAZZALE ALDO MORO; 5,"Università di Roma ""la Sapienza""",CITTA' UNIVERSITARIA,185.0,649914742,64958259,augusto.vignataglianti@uniroma1.it,41.9033594,12.515426
58091,58,MUSEO DI GEOLOGIA,www.tetide.geo.uniroma1.it/musei/museo_geologia/index.htm,Non MIBACT,,,,,,PIAZZALE ALDO MORO; 5,"Università di Roma ""la Sapienza""",C/O DIPARTIMENTO DI SCIENZE DELLA TERRA,185.0,649914825,64463068,museo.geologia@uniroma1.it,41.9033594,12.515426
58091,58,MUSEO DI MINERALOGIA,www.musmin.geo.uniroma1.it,Non MIBACT,,,,,,PIAZZALE ALDO MORO;5,"Università di Roma ""la Sapienza""",DIPARTIMENTO SCIENZE DELLA TERRA,185.0,649914887,64454729,musmin.roma@uniroma1.it,41.9033594,12.515426
58091,58,MUSEO DI ANATOMIA COMPARATA,-,Non MIBACT,,,,,,VIA ALFONSO BORELLI; 50,"Università di Roma ""la Sapienza""","C/O UNIVERSITA' DEGLI STUDI LA SAPIENZA; DIPARTIMENTO DI BIOLOGIA E BIOTECNOLOGIE ""C. DARWIN"" SEDE DI ANATOMI",161.0,649918009,64457516,luciana.sola@uniroma1.it,41.9066309,12.5172966
58091,58,MAUSOLEO DELLE FOSSE ARDEATINE,-,Non MIBACT,,,,,,VIA ARDEATINA NR. 174,Roma,-,179.0,65136742,65136742,mausoleofosseardeatine@onorcaduti.difesa.it,41.8495742,12.5153517
58091,58,MUSEO DELLE CARROZZE D'EPOCA,-,Non MIBACT,OMR,,,,,VIA ANDREA MILLEVOI; 693,Roma Cecchignola Est,-,178.0,651958112,651958112,info@lecarrozzadepoca.it,41.8171363,12.5190563
58091,58,MUSEO DELLA REPUBBLICA ROMANA E DELLA MEMORIA GARIBALDINA,www.museodellarepubblicaromana.it,Non MIBACT,OMR,,Sistema Musei in Comune,,,LARGO DI PORTA S.PANCRAZIO; 9,Porta San Pancrazio,C/O COMPLESSO MONUMENTALE DI PORTA S.PANCRAZIO,153.0,65894575,658157153,mara.minasi@comune.roma.it,41.88831,12.46133
58091,58,ECOMUSEO DEL LITORALE ROMANO,www.ecomuseocrt.it,Non MIBACT,OMR,,,,,VIA DEL FOSSO DI DRAGONCELLO; 172, LONGARINA/OSTIA,AREA IMPIANTO IDROVORO DI OSTIA ANTICA,124.0,65651764,65650609,crt.ecomuseo@tin.it,41.74656,12.31766
58091,58,MUSEI CAPITOLINI; CENTRALE MONTEMARTINI,www.centralemontemartini.org,Non MIBACT,OMR,,Sistema Musei in Comune,,,VIA OSTIENSE; 106,Ex centrale termoelettrica Giovanni Montemartini,COMPLESSO INDUSTRIALE,154.0,65748042,65754207,info.centrale.montemartini@comune.roma.it,41.8670329,12.4789904
58091,58,MUSEO DI ROMA IN TRASTEVERE,-,Non MIBACT,OMR,,Sistema Musei in Comune,DEMOS,,PIAZZA SANT'EGIDIO; 1/B,Convento carmelitano di Sant'Egidio,-,153.0,65899359,65884165,museodiroma.trastevere@comune.roma.it,41.8898988,12.4690541
58091,58,SOCIETA' DI STUDI FIUMANI,www.fiume-rijeka.it,Non MIBACT,,,,,,VIA ANTONIO CIPPICO; 10,,-,143.0,65923485,65915755,info@fiume-rijeka.it,41.8209363,12.481643
58091,58,MUSEO FRANCESCANO DELL'ISTITUTO STORICO DEI CAPPUCCINI,www.istcap.org,Non MIBACT,,,,,,CIRCONVALLAZIONE OCCIDENTALE 6850,GRA KM 65.50,COLLEGIO S. LORENZO DA BRINDISI,163.0,6660521,666052532,yteklema@yahoo.com,41.8494857,12.3798767
58091,58,MUSEI CAPITOLINI,www.museicapitolini.org,Non MIBACT,OMR,,Sistema Musei in Comune,,,PIAZZA DEL CAMPIDOGLIO; 1,,c/o palazzo (Palazzo dei Conservatori; Palazzo Nuovo; Palazzo Caffarelli; Palazzo Clementino; Palazzo Senatorio),186.0,667102475,66785488,info.museicapitolini@comune.roma.it,,
58091,58,CASA PROTOSTORICA DI FIDENE,-,Non MIBACT,,,,,,VIA QUARRATA; SNC,,-,138.0,624404006,62017187,carlo.persiani@comune.roma.it,41.9919908,12.5183307
58091,58,MUSEO DEL TEATRO ARGENTINA,-,Non MIBACT,OMR,,,,,PIAZZA ARGENTINA; 52,LARGO DI TORRE ARGENTINA,-,186.0,667106017,667103833,tania.renzi@comune.roma.it,41.8961678,12.4760626
58091,58,MAUSOLEO OSSARIO GARIBALDINO,-,Non MIBACT,,,,,,VIA GARIBALDI; 29/E,,-,153.0,667103407,667103833,francesca.bertozzi@comune.roma.it,41.8883132,12.4656522
58091,58,MUSEO D'ARTE CONTEMPORANEA ROMA,www.museomacro.org,Non MIBACT,OMR,,Sistema Musei in Comune,,,VIA REGGIO EMILIA; 54,Ex Convento delle Carmelitane scalze a San Giuseppe a Capo le case,-,198.0,6671070400,68554090,macro@comune.roma.it,41.9127277,12.5024422
58091,58,MUSEO DI ROMA,www.museodiroma.it,Non MIBACT,OMR,,Sistema Musei in Comune,,,PIAZZA S.PANTALEO; 10,palazzo Braschi,PALAZZO BRASCHI,187.0,667108312,667108303,museodiroma@comune.roma.it,41.89715,12.47286
58091,58,KEATS-SHELLEY HOUSE,www.keats-shelley-house.org,Non MIBACT,OMR,,,,x,PIAZZA DI SPAGNA 26,,-,187.0,66784235,66784167,info@keats-shelley-house.org,41.9054499999999,12.48253
58091,58,GALLERIA COLONNA SRL,www.galleriacolonna.it,Non MIBACT,,,,,,PIAZZA SANTI APOSTOLI; 66,,-,187.0,66784350,66794638,info@galleriacolonna.it,41.8970931,12.483558
58091,58,MUSEO CENTRALE DEL RISORGIMENTO,www.risorgimento.it,Non MIBACT,,,,,,VIA S. PIETRO IN CARCERE,,COMPLESSO DEL VITTORIANO,186.0,66793598,66782572,ist.risorgimento@tiscali.it,41.8937663,12.4843739
58091,58,MUSEO TIPOLOGICO INTERNAZIONALE DEL PRESEPIO 'ANGELO STEFANUCCI',www.presepio.it,Non MIBACT,,,,,,VIA TOR DE' CONTI; 31/A,,C/O CHIESA SS.QUIRICO E GIULITTA,184.0,66796146,669789602,informazione@presepio.it,,
58091,58,MUSEO DELLE CERE,www.museodellecereroma.com,Non MIBACT,OMR,,,,,PIAZZA SANTI APOSTOLI; 68A,,-,187.0,66796482,66796482,museodellecere.roma@lice.it,41.8976424,12.4832809
58091,58,CASA MUSEO GIORGIO DE CHIRICO,www.fondazionedechirico.org,Non MIBACT,OMR,,,,x,PIAZZA DI SPAGNA; 31,palazzetto dei Borgononi,PALAZZETTO DEI BORGOGNONI,187.0,66796546,66796546,museum@fondazionedechirico.org,,
58091,58,GALLERIA DORIA PAMPHILJ,www.dopart.it,Non MIBACT,,,,,,VIA DEL CORSO; 305,Rione Monti,Palazzo Doria Pamphilj,186.0,66797323,66780939,arti.rm@doriapamphilj.it,41.8978584,12.480718
58091,58,MUSEO TEATRALE SIAE DEL BURCARDO,-,Non MIBACT,,,,,,VIA DEL SUDARIO; 44,-,-,186.0,66819471,668194727,biblioteca.burcardo@siae.it,41.8959814,12.4753839
58091,58,COMPLESSO MONUMENTALE S. SPIRITO IN SAXIA,www.regione.lazio.it/biblioteche/lancisianaroma/,Non MIBACT,,,,,,BORGO S. SPIRITO; 3,-,-,193.0,668352449,668352470,lancisiana@asl-rme.it,41.9014422,12.4614773
58091,58,MUSEO LABORATORIO DELLA MENTE,www.museodellamente.it,Non MIBACT,OMR,,,,,PIAZZA S. MARIA DELLA PIETÀ 5,padiglione 6,Pad. 6 Ex ospedale pschiatrico Santa Maria della Pietà,135.0,668352927,668352923,info@museodellamente.it,41.9407108,12.4191006
58091,58,MUSEO EBRAICO DI ROMA,www.museoebraico.roma.it,Non MIBACT,OMR,,,,,LARGO XVI OTTOBRE,Sinagoga,C/O SINAGOGA,186.0,668400661,668400639,info@museoebraico.roma.it,41.8709925,12.4852653
58091,58,MUSEO DONAZIONE UMBERTO MASTROIANNI,-,Non MIBACT,,,,,,PIAZZA SAN SALVATORE IN LAURO; 15,-,Musei di San Salvatore in Lauro,186.0,66865493,66892109,redazione@ilcigno.org,41.9008464,12.4693138
58091,58,MUSEO DI SCULTURA ANTICA  GIOVANNI BARRACCO,www.museobarracco.it,Non MIBACT,OMR,,Sistema Musei in Comune,,,CORSO VITTORIO EMANUELE II; 166A,Farnesina ai Bauellari,Palazzo storico,186.0,668806848,668806848,info.museobarracco@comune.roma.it,41.8968041,12.4727295
58091,58,MUSEO NAPOLEONICO,www.museonapoleonico.it,Non MIBACT,OMR,,Sistema Musei in Comune,,,PIAZZA DI PONTE UMBERTO I; 1,-,PALAZZO PRIMOLI,186.0,06-68806286,-,napoleonico@comune.roma.it,41.9019584,12.4717436
58091,58,MUSEO CRIMINOLOGICO,www.museocriminologico.it,Non MIBACT,,,,,,VIA DEL GONFALONE; 29,-,-,186.0,668899442,668215347,museo.criminologico@giustizia.it,41.8976625,12.4665443
58091,58,MUSEO STORICO NAZIONALE DELL'ARTE SANITARIA,-,Non MIBACT,,,,,,LUNGOTEVERE IN SASSIA; 3,-,-,193.0,66893051,66833485,segreteria.asas@gmail.com,41.9009986,12.4629591
58091,58,MUSEO STORICO DELLA LIBERAZIONE,-,Non MIBACT,,,,,,VIA TASSO; 145,-,-,185.0,67003866,677203514,info@museoliberazione.it,41.8887314,12.5064387
58091,58,CASE ROMANE DEL CELIO,www.caseromane.it,Non MIBACT,,,,,,CLIVO DI SCAURO,-,SOTTOSTANTI LA BASILICA DEI SS. GIOVANNI E PAOLO,184.0,06-70454544,06-77201975,info@caseromane.it,41.8864735,12.4906301
58091,58,MUSEO CARLO BILOTTI ARANCIERA DI VILLA BORGHESE,www.museocarlobilotti.it,Non MIBACT,OMR,,Sistema Musei in Comune,,,VIALE FIORELLO LA GUARDIA,-,Aranciera di Villa Borghese,197.0,685357446,68845630,museo.bilotti@comune.roma.it,41.9133378,12.4827497
58091,58,MUSEO 'PIETRO CANONICA',www.museocanonica.it,Non MIBACT,OMR,,Sistema Musei in Comune,,x,VIALE PIETRO CANONICA; 2,-,La Fortezzuola di Villa Borghese,197.0,68842279,685301384,biancamaria.santese@comune.roma.it,,
58091,58,MUSEO DELL'ORDINE DEI CHIERICI REGOLARI MINISTRI DEGLI INFERMI CAMILLIANI,www.camilliani.org,Non MIBACT,,,,,,PIAZZA DELLA MADDALENA; 53,-,-,186.0,6899281,689928133,agmi@camilliani.org  e.martinez@tiscali.it,41.9001131,12.4766854
58091,58,MUSEO DELLA STRUMENTAZIONE E INFORMAZIONE CRISTALLOGRAFICA,www.cnr.it/sitocnr/iservizi/museidelcnr/cristallografica/informazionecristallografica.html,Non MIBACT,,,,,,VIA SALARIA; KM 29;3,AREA RICERCA CNR RM1,C/O ISTITUTO DI CRISTALLOGRAFIA DEL CNR (Sede di Roma),16.0,690672634,690672630,fausto.daprile@ic.cnr.it,41.9027835,12.4963655
58091,58,GALLERIA DELL'ACCADEMIA NAZIONALE DI SAN LUCA,www.accademiasanluca.it,Non MIBACT,,,,,,PIAZZA DELL'ACCADEMIA DI SAN LUCA 77; 00187 ROMA,-,-,187.0,66798850,669924362,archivio@accademiasanluca.it,41.901669,12.4836149
58091,58,ISTITUTO STORICO E DI CULTURA DELL'ARMA DEL GENIO,-,Non MIBACT,,,,,,LUNGOTEVERE DELLA VITTORIA; 31,-,-,195.0,63725446,63725446,istituto_genio@esercito.difesa.it,41.9231151,12.4607131
58091,58,MUSEO STORICO GRANATIERI DI SARDEGNA,-,Non MIBACT,,,,,,PIAZZA SANTA CROCE IN GERUSALEMME  7,-,Palazzina,185.0,67028287,-,museostoricogranatieri@gmail.com,41.8888768,12.5143267
58091,58,MUSEO STORICO DELLA FANTERIA,-,Non MIBACT,,,,,,PIAZZA S. CROCE IN GERUSALEMME; 9,-,-,185.0,67027971,67027971,urp@persomil.difesa.it  museo_fanteria@esercito.difesa.it,41.8889134,12.5141899
58091,58,MUSEO STORICO DELLA MOTORIZZAZIONE MILITARE DELL'ESERCITO,www.comlogpro.esercito.difesa.it,Non MIBACT,,,,,,VIALE DELL'ESERCITO; 170,CECCHIGNOLA,CASERMA 'ARPAIA',143.0,06 50237374,06 50237374,museo@comlogpro.esercito.difesa.it,41.80589,12.49709
58091,58,MUSEO STORICO DELLA COMUNICAZIONE,www.sviluppoeconomico.gov.it/museo,Non MIBACT,,,,,,VIALE EUROPA 190,-,Eur -  Ministero dello Sviluppo Economico,144.0,06 54443000,06 54221673,museo.comunicazioni@sviluppoeconomico.gov.it,41.83129,12.46763
58091,58,MUSEO STORICO DELL'ARMA DEI CARABINIERI,www.carabinieri.it,Non MIBACT,,,,,,PIAZZA RISORGIMENTO N. 46,-,-,192.0,66896696,66896696,cgmuseodir@carabinieri.it,41.9062671,12.4590339
58091,58,museo civico DI ZOOLOGIA,www.museodizoologia.it,Non MIBACT,OMR,,Sistema Musei in Comune,,,via Ulisse Aldrovandi; 18,-,-,197.0,667109270,632650186,info.museodizoologia@roma.it,41.9192735,12.4887006
58091,58,Museo della civiltà romana,www.museociviltaromana.org,Non MIBACT,OMR,,Sistema Musei in Comune,,,piazza Giovanni Agnelli; 10,-,Palazzo storico,144.0,65926041,65926135,info.museociviltaromana@comune.roma.it,41.8314,12.47772
58091,58,MUSEO DELL'ARTE CLASSICA (GIPSOTECA),-,Non MIBACT,,,,,,piazzale Aldo Moro; 5,-,EDIFICIO EX FACOLTA' LETTERE; UNIVERSITA' DI ROMA 'LA SAPIENZA',185.0,649913960,649913955,mariagrazia.picozzi@uniroma1.it,41.9033594,12.515426
58091,58,MUSEO DELLE MURA DI ROMA,www.museiincomune.it,Non MIBACT,,,Sistema Musei in Comune,,,via di Porta San Sebastiano; 18,-,Porta S. Sebastiano,179.0,670475284,670475284,museomura@zetema.it,41.8752641,12.5006711
58091,58,MUSEO STORICO DIDATTICO DI GIOCHI E GIOCATTOLI DEL '900 'LA MEMORIA GIOCOSA',-,Non MIBACT,,,,,,via Vincenzo Coranelli; 26/a,Quartiere Pigneto,-,176.0,621700782,621700782,memoriagiocosa@libero.it,41.8851401,12.5336038
58091,58,GALLERIA D'ARTE MODERNA DI ROMA CAPITALE,www.galleriaartemodernaroma.it,Non MIBACT,OMR,,Sistema Musei in Comune,,,via Francesco Crispi; 24,Roma,c/o ex Convento Carmelitane Scalze (sec. XVIII),187.0,06-4742848,06-4742912,info@galleriaartemodernaroma.it,41.9038437,12.4857798
58091,58,MAXXI - MUSEO NAZIONALE DELLE ARTI DEL XXI SECOLO,www.fondazionemaxxi.it,Non MIBACT,,,,,,via Guido Reni; 4/a,Roma,-,196.0,063225178  32101838,632101839,segreteria@fondazionemaxxi.it,41.9284846,12.4664813
58091,58,MUSEO DEI FORI IMPERIALI NEI MERCATI DI TRAIANO,www.mercatiditraiano.it,Non MIBACT,OMR,,Sistema Musei in Comune,,,via IV novembre; 94,-,Palazzo storico e complesso archeologico,187.0,669941020,669780532,info@mercatiditraiano.it,41.8961298,12.4856019
58091,58,Istituto Nazionale per la Grafica,www.grafica.beniculturali.it,MIBACT,,,,,,Via della Stamperia; 6,-,Fontana di Trevi,187.0,669980238,669921474,in-g.ufficiostampa@beniculturali.it,41.90154,12.48349
58091,58,Anfiteatro Flavio (Colosseo),htpp//:archeoroma.beniculturali.it,MIBACT,,,,,,Piazza del Colosseo,-,-,184.0,677400920,677400930,ssba-rm.colosseo@beniculturali.it,41.8899875,12.4940126
58091,58,Galleria Nazionale d'Arte Antica in Palazzo Barberini,http://galleriabarberini.it,MIBACT,,,,,,Via Quattro Fontane; 13,-,Palazzo Barberini,184.0,64824184,64880560,spsae-rm.gnaa@beniculturali.it,41.9027991,12.489445
58091,58,Galleria Nazionale d'Arte Moderna e Contemporanea,www.gnam.beniculturali.it,MIBACT,,,,,,Via delle Belle Arti; 131,-,-,196.0,63221015,63221579,s-gnam@beniculturali.it,,
58091,58,Galleria Spada,-,MIBACT,,,,,x,Piazza Capo di Ferro; 13,-,Palazzo Spada,186.0,66861158,66861158,-,41.894527,12.4720778
58091,58,Museo Nazionale delle Arti e Tradizioni Popolari,www.idea.mat.beniculturali.it,MIBACT,,,,,,Piazza Marconi; 8/10,-,-,144.0,65926148,65911848,ic-d@beniculturali.it,41.8344805,12.4701382
58091,58,Galleria Borghese,http://galleriaborghese.beniculturali.it,MIBACT,,,,,,Piazzale Scipione Borghese; 5,-,Palazzo,197.0,68413979,68840756,sspsae-rm.borghese@beniculturali.it,41.9143599999999,12.49235
58091,58,Museo Mario Praz,www.museopraz.beniculturali.it,MIBACT,,,,,x,Via Zanardelli; 1,-,-,186.0,06 6861089,06 6861089,museopraz@museopraz.191.it,41.901542,12.4721632
58091,58,"Museo Nazionale d'Arte Orientale ""Giuseppe Tucci""",www.museorientale.beniculturali.it,MIBACT,,,,,,Via Merulana; 248,-,Palazzo Brancaccio,185.0,64697481,646974837,mn-ao@beniculturali.it,41.8945258,12.5004098
58091,58,Museo Nazionale del Palazzo di Venezia,www.museopalazzovenezia.beniculturali.it,MIBACT,,,,,,Via del Plebiscito; 118,Rione Pigna,Palazzo,186.0,669994284,669994394,sspsae-rm.mpv@beniculturali.it,41.89642,12.48103
58091,58,Museo Nazionale Romano - Palazzo Massimo alle Terme,http://archeoroma.beniculturali.it/musei/museo-nazionale-romano-palazzo-massimo,MIBACT,,,,,,Largo di Villa Peretti; 1,-,-,185.0,06 48020,06 4815563,-,41.9016243,12.4979058
58091,58,"Museo Nazionale Preistorico ed Etnografico ""L. Pigorini""",www.pigorini.beniculturali.it,MIBACT,,,,,,Piazza Guglielmo Marconi; 14,EUR,Palazzo delle Scienze,144.0,6549521,654952310,s-mnpe@beniculturali.it,41.8344805,12.4701382
58091,58,Scavi di Ostia Antica e Museo,-,MIBACT,,,,,,Viale dei Romagnoli; 717,Ostia Antica,-,119.0,06 56358099,06 5651500,ssba-rm.osan@beniculturali.it,41.760558,12.3029318
58091,58,Area Archeologica di Veio - Santuario Etrusco dell'Apollo,-,MIBACT,,,,,,Via Riserva Campetti,Località Isola Farnese (Portonaccio),-,123.0,630890116,-,-,42.0210807,12.3888035
58091,58,Terme di Caracalla,www.archeoroma.it,MIBACT,,,,,,Via delle Terme di Caracalla; 52,-,-,153.0,657174520,657174530,ssba-rm.termecaracalla@beniculturali.it,41.8787428,12.4956142
58091,58,Tomba di Cecilia Metella,htpp://www.archeoroma.beniculturali.it,MIBACT,,,,,,Via Appia Antica; 161,-,Tomba di Cecilia Metella nel Castrum Caetani,179.0,67844271,678442730,-,41.8521128,12.5209185
58091,58,Palazzo Altemps,http://archeoroma.beniculturali.it,MIBACT,,,,,,Piazza di Sant'Apollinare; 46,-,-,186.0,6684851,66897091,ssba-rm.palazzoaltemps@beniculturali.it,41.9012439,12.4728648
58091,58,Museo Hendrik Christian Andersen,www.museoandersen.beniculturali.it,MIBACT,,,,,x,Via P. S. Mancini; 18/24,-,-,196.0,63219089,63219089,s-gnam.museoandersen@beniculturali.it,,
58091,58,Crypta Balbi,www.archeoroma.beniculturali.it,MIBACT,,,,,,Via delle Botteghe Oscure; 31,-,-,186.0,66977671,669776728,laura.vendittelli@beniculturali.it,41.8948851,12.4783737
58091,58,Villa dei Quintili,htpp://www.archeoroma.beniculturali.it,MIBACT,,,,,,Via Appia Nuova; 1092,Statuario,Area archeologica estesa tra Via Appia Nuova e Via Appia Antica,178.0,67129121,671291230,SSBA-rm.villadeiquintili@beniculturali.it,41.8315027,12.5548201
58091,58,Foro Romano e Palatino,www.archeoroma.beniculturali.it,MIBACT,,,,,,Largo Romolo e Remo,Roma,-,185.0,6699841,66787689,ssba-rm@beniculturali.it,41.8930999,12.48698
58091,58,Complesso di Capo di Bove,htpp://www.archeoroma.beniculturali.it,MIBACT,,,,,,Via Appia Antica; 222,-,Area archeologica presso villa/casale lungo la Via Appia Antica,178.0,67806686,678358742,-,41.848625,12.5244444
58091,58,Castello di Giulio II,-,MIBACT,,,,,,Piazza della Rocca,Borgo - Ostia Antica,-,119.0,-,-,-,41.8673384,12.6888315
58091,58,Complesso Archeologico di Malborghetto,www.archeoroma.it,MIBACT,,,,,,Via Barlassina; 1,Via Flaminia; Km 19;00,-,188.0,633625595,633616477,-,42.05217,12.48683
58091,58,Museo Boncompagni Ludovisi per le Arti Decorative; Costume e Moda,-,MIBACT,,,,,x,Via Boncompagni; 18,-,-,187.0,06 42824074,06 42824074,s-gnam.museoboncompagni@beniculturali.it,41.90867,12.49464
58091,58,Pantheon,www.sbap-roma.beniculturali.it,MIBACT,,,,,,Piazza della Rotonda; snc,-,-,186.0,06 683002,06 683002,sbap-rm.pantheon@beniculturali.it,42.0339149,13.4299497
58091,58,Villa di Livia,www.archeoroma.it,MIBACT,,,,,,Via della Villa di Livia; 1,Via Flaminia; Km 14;00,-,188.0,633626826,-,-,42.0007794,12.493415
58091,58,Galleria Nazionale d'Arte Antica in Palazzo Corsini,www.galleriacorsini@beniculturali.it,MIBACT,,,,,,Via della Lungara; 10,-,Palazzo Corsini,165.0,668802323,668133192,sspsae-rm.galleriacorsini@beniculturali.it,41.8931988,12.4669658
58091,58,Museo nazionale dell'Alto Medioevo,-,MIBACT,,,,,,Viale Lincoln; 3,-,-,144.0,654228199,06 54228130,ssba-rm.ostia.medioevo@beniculturali.it,41.8326711,12.4722505
58091,58,Museo della Via Ostiense,-,MIBACT,,,,,,Via R. Persichetti; 3,Porta San Paolo,-,154.0,-,-,-,41.8842328,12.3401724
58091,58,Museo Nazionale Etrusco di Villa Giulia,www.villagiulia.beniculturali.it,MIBACT,,,,,,Piazzale di Villa Giulia,-,-,196.0,63226571,63202010,sba-em@beniculturali.it,41.9182926999999,12.4778108
58091,58,Museo Nazionale degli Strumenti Musicali,-,MIBACT,,,,,,Piazza Santa Croce in Gerusalemme; 9/a,-,-,185.0,67014796,67029862,-,41.8888768,12.5143267
58091,58,Museo Nazionale di Castel Sant'Angelo,www.castelsantangelo.beniculturali.it,MIBACT,,,,,,Lungotevere Castello,-,-,193.0,66819111,668191196,sspsae-rm.santangelo@beniculturali.it,41.9030632,12.466276
58091,58,Parco Archeologico delle Tombe della Via Latina,www.archeoroma.beniculturali.it/siti_archeologici/suburbio/tombe_via_latina,MIBACT,,,,,,Via Arco di Travertino; 151,-,-,178.0,67809255,67809255,-,,
58091,58,Museo Nazionale Romano - Terme di Diocleziano,www.archeoroma.beniculturali.it,MIBACT,,,,,,Vie E. De Nicola,Stazione Termini,-,185.0,6477881,64814190,rosanna.friggeri@beniculturali.it,41.9031436,12.5002411
58091,58,Monumento a Vittorio Emanuele II (Vittoriano),www.lazio.beniculturali.it,MIBACT,,,,,,Piazza Venezia,-,-,186.0,66780664,658434787,dr-laz@beniculturali.it,41.8959938,12.482046
58091,58,museo del videogioco VIGAMUS,www.vigamus.com,Non MIBACT,OMR,,,,,via Sabotino 4,,,195.0,06 4547 5940,,,41.9167809,12.4596739
58091,58,Museo di Villa Vecchia in Villa Doria Pamphilj,www.060608.it/it/cultura-e-svago/beni-culturali/musei/museo-di-villa-vecchia-villa-doria-pamphilj.html,Non MIBACT,OMR,,,,,via Aurelia antica 183,,Villa Doria Pamphilj,183.0,06 39376616,06 39380994,,41.889109,12.4450949
58091,58,Museo d'arte sacra di San Giovanni dei Fiorentini,www.sangiovannideifiorentini.net/index.php/museo/,Non MIBACT,OMR,,,,,via degli Acciaioli 2,,Chiesa di San Giovanni dei Fiorentini,186.0,06 6869892,,info@sangiovannideifiorentini.net,41.8997853,12.4642428
58092,58,MUSEO DELLA CIVILTA' CONTADINA VALLE DELL'ANIENE,-,Non MIBACT,OMR,Sistema MEDANIENE,,DEMOS,,PIAZZA S. GIOVANNI; 1,-,CASTELLO BRANCACCIO,27.0,774903143,774903008,rovianomuseo@tiscali.it,42.050936,12.964165
59024,59,MUSEO DEL MARE E DELLA COSTA 'M. ZEI',www.comune.sabaudia.latina.it,Non MIBACT,OMR,,,,,PIAZZA VERBANIA; 1,Sabaudia,-,4016.0,773511340,773514258,museomarecosta@comune.sabaudia.latina.it,41.2989565,13.0297517
59024,59,museo civico EMILIO GRECO,www.comune.sabaudia.latina.it,Non MIBACT,,,,,,PIAZZA DEL COMUNE,Sabaudia,PALAZZO COMUNALE,4016.0,773514258,773518923,ufficiocultura@comune.sabaudia.latina.it,41.3005926,13.025879
58119,58,FERROVIA - MUSEO DELLA STAZIONE DI COLONNA,www.ferroviamuseo-colonna.it,Non MIBACT,OMR,Sistema museale dei Castelli romani e prenestini MUSEUMGRANDTOUR,,,,VIA CASILINA; 17,San Cesareo,ex stazione di Colonna,30.0,69439290,694730008,stazionecolonna@alice.it,41.8240697,12.8108383
60062,60,MUSEO DELLA CIVILTA' CONTADINA,-,Non MIBACT,,,,,,VIALE TENENTE MAURIZIO SIMONE; SNC,-,EDIFICIO SCUOLA ELEMENTARE,3046.0,776508701,776508918,info@comune.sandonatovaldicomino.fr.it,41.7089031999999,13.8126414
60062,60,MUSEO GEOLOGICO TERRITORIALE,-,Non MIBACT,,,,,,VIA ROMA; 3,-,-,3046.0,776508701,776508918,info@comune.sandonatovaldicomino.fr.it,41.7068269,13.813978
59025,59,MOSTRA PERMANENTE HOMO SAPIENS E HABITAT,www.fondazionemarcellozei.com,Non MIBACT,,,,,,PIAZZA LANZUISI; 1,SAN FELICE CIRCEO,C/O TORRE DEI TEMPLARI,4017.0,3477896233,-,zeiroberto@libero.it,41.2332483,13.0884448
56059,56,museo dell'Abate,,Non MIBACT,OMR,Rete urbana di Viterbo,,,,piazza dell'oratorio (San Martino al Cimino),,scriptorium dellAbbazia cistercense,1100.0,0761 379803,,,42.3693457,12.1250064
58096,58,CASTELLO BARONALE ORSINI-CESI DI SAN POLO DEI CAVALIERI,-,Non MIBACT,,,,,,via Santa Lucia; 4,-,-,10.0,774426133,774426249,amministrazione@energydi.it,42.009771,12.83867
58099,58,MUSEO NATURALISTICO DEL MONTE SORATTE,-,Non MIBACT,OMR,,,,,piazza Cavalieri Caccia,-,-,60.0,761578185,761578443,museodelmontesoratte@libero.it  museodelfiume@libero.it,,
58097,58,museo civico ARCHEOLOGICO,-,Non MIBACT,OMR,,,PROUST,,VIA DEL CASTELLO DI SANTA SEVERA,Santa Severa,Castello di Santa Severa,50.0,766570077,766570077,muspyrgi@tiscali.it,42.0165652,11.9574859
58097,58,Antiquarium di Pyrgi e Area Archeologica,-,MIBACT,,,,,,-,-,Castello di Santa Severa,58.0,766570194,766570194,sba-em@beniculturali.it,42.0335042,11.8536061
58097,58,museo del mare e della navigazione antica,www.museosantasevera.org,Non MIBACT,OMR,,,PROUST,,via del Castello; Aurelia S.S 1 Km. 52;600,Area archeologica di Pyrgi,Castello di Santa Severa,,0766 570077,,,,
58101,58,museo del tempo,www.tibursuperbum.it/ita/escursioni/saracinesco/MuseoTempo.htm,Non MIBACT,OMR,Sistema PRE.GIO,,,,centro storico e borgo (all'aperto),,,20.0,,,,42.0031174,12.9533471
58102,58,MUSEO ARCHEOLOGICO COMUNALE DI SEGNI,www.museosegni.it,Non MIBACT,OMR,Sistema dei Monti Lepini,,PROUST,,VIA LAURI; 1,-,Antico Palazzo della Comunità,37.0,697.260.072,697.260.072,info@museosegni.it,41.692865,13.0236699
59027,59,MUSEO DELLA STORIA DELLA CERAMICA,-,Non MIBACT,,,,,,CORSO GARIBALDI,-,PALAZZO CAETANI,4013.0,77330151,77330010,sermonetacultura@virgilio.it,41.548592,12.9873353
59027,59,MUSEO DIOCESANO D'ARTE SACRA - SEZIONE DI SERMONETA,-,Non MIBACT,OMR,,,MUSART,,PIAZZA SANTA MARIA; SNC,-,-,4010.0,7736986105,7736986111,beniculturali@diocesi.latina.it,,
59027,59,Abbazia di Valvisciolo,,Non MIBACT,OMR,,,MUSART,,via Badia; 14,monte Corvino,monastero cistercense,4013.0,0773 30013,,abbaziavalvisciolo@yahoo.it,41.5499705999999,12.9836868
60071,60,ESPOSIZIONE PERMANENTE DI COSTUMI TEATRALI,www.comune.serrone.fr.it,Non MIBACT,,,,,,PIAZZA PLEBISCITO,Serrone,Centro storico,3010.0,775523064,775523277,turismo.serrone@gmail.com,,
59028,59,MUSEO LEPINO DELLA CIVILTA' CONTADINA,-,Non MIBACT,,,,,,VIA PIEMONTE; 35,SEZZE SCALO,-,4018.0,773876154,773876154,alessandrodinorma@libero.it,41.495245,13.044572
59028,59,FORO APPIO,www.foroappiohotel.it,Non MIBACT,,,,,,VIA APPIA (KM 72;800); 5,Borgo Faiti,-,4010.0,773877434,773800247,info@foroappiohotel.it,41.4994158,13.0617578
59028,59,MUSEO ETNOGRAFICO DEL GIOCATTOLO TERRITORIALE,-,Non MIBACT,OMR,,,DEMOS,,VIA UMBERTO PRIMO; 46/48,-,LUDOTECA COMUNALE,4018.0,773803797,773803797,ludoteca@comune.sezze.lt.it,41.4994158,13.0617578
59028,59,Museo diocesano,,Non MIBACT,OMR,,,MUSART,,,Palazzo dei Canonici,,4018.0,0773 886358 - 0773 6986105,,archiviocapitolare@libero.it,,
59028,59,Museo etnografico del giocattolo LUDUS,www.comune.sezze.lt.it/pagina432_museo-del-giocattolo.html,Non MIBACT,OMR,Sistema dei Monti Lepini,,,,Via Umberto I 46/48,,Palazzo Rappini,4018.0,0773 8081.402- 339 7879255, 0773 808403,museinsieme.sezze@gmail.com,41.498302,13.060682
59029,59,MUSEO DELLE TERRE DI CONFINE,-,Non MIBACT,OMR,,,DEMOS,,VIA GIACOMO ANTONELLI; 1,Sonnino,-,4010.0,329 8880509,773908600,museoterrediconfine@gmail.com,41.4159786,13.2416047
60074,60,museo civico DELLA MEDIA VALLE DELL'IRI,www.comune.sora.fr.it,Non MIBACT,OMR,,,PROUST,,PIAZZA MAYER ROSS; SNC,SORA,-,3039.0,776833327,776833327,museo.sora@comune.sora.fr.it,41.7188539,13.6130491
59030,59,Museo Archeologico Nazionale e Area Archeologica,www.archeolz.arti.beniculturali.it,MIBACT,,,,,,Via Flacca; Km 16;300,-,-,4029.0,0771 548028,0771 548028,sba-laz.sperlonga@beniculturali.it,41.2259953,13.5152434
56049,56,MUSEO DEL PATRIMONIUM,www.comune.sutri.vt.it/,Non MIBACT,OMR,,,,,VIA DI PORTAVECCHIA 79,SUTRI,EX PALAZZO DELLA COMUNITA',1015.0,761600867,761601232,biblio@comune.sutri.vt.it,42.24107,12.224557
56049,56,Anfiteatro Romano,-,MIBACT,,,,,,Via Cassia; Km 49,-,-,1015.0,-,-,-,42.2439027,12.2185381
56050,56,COLLEZIONE GIUSEPPE CULTRERA - MUSEO DELLA CERAMICA; DELLA SOCIETA' TARQUINIENSE; D'ARTE E STORIA,-,Non MIBACT,,,,,,VIA DELLE TORRI; 31,-,-,1016.0,766858194,766858194,tarquiniense@gmail.com,42.2542007,11.7572723
56050,56,MUSEO DIOCESANO DI CIVITAVECCHIA-TARQUINIA,-,Non MIBACT,,,,,,VIA ROMA; 11,-,-,1015.0,766840843,-,insolera.giovanni@libero.it,42.2526725,11.7565495
56050,56,Museo Archeologico Nazionale,htpp//:etruriameridionale.beniculturali.it/index.php?it/132/museo-archeologico-nazionale-tarquiniense,MIBACT,,,,,,Piazza Cavour; 2,Centro Storico,-,1016.0,0761 856036,-,-,42.2535581,11.7556559
56050,56,Necropoli,htpp//:etruriameridionale.beniculturali.it/index.php?it/201/descrizione,MIBACT,,,,,,Via Ripagretta; snc,Calvario,-,1016.0,0766 856308,-,-,42.2541845999999,11.7575684
59032,59,museo civico ARCHEOLOGICO 'PIO CAPPONI',-,Non MIBACT,OMR,,,PROUST,,PIAZZA DEL MUNICIPIO; SNC,-,PALAZZO COMUNALE - TORRE FRUMENTARIA,4019.0,0773707313  07737072,773707278,direttoremuseo@comune.terracina.lt.it,41.2963728,13.2332657
58104,58,MUSEO DIDATTICO DEL LIBRO ANTICO,www.mdbr.it,Non MIBACT,OMR,,,,,PIAZZA TRENTO; 1,Tivoli,VILLA D'ESTE,19.0,641204709,641204709,associazionefannius@gmail.com,41.9627603,12.7976986
58104,58,Villa d'Este,www.villadestetivoli.info,MIBACT,,,,,,Piazza Trento; 5,-,-,19.0,774312070,0774 318080,villadestetivoli@tiscalinet.it,41.962238,12.7969449
58104,58,Area Archeologica di Villa Adriana,www.villaadriana.beniculturali.it,MIBACT,,,,,,Largo Marguerite Yourcenar; 1,Villa Adriana,-,10.0,0774 530203,0774 531979,villaadriana@beniculturali.it,41.959817,12.8022261
57068,57,MUSEO MARIA PETRUCCI,www.mariapetrucci.it,Non MIBACT,,,,,,VIA DELLA ROCCA; 21,-,-,2039.0,765326248,765326248,petruccimaria@gmail.com,42.212187,12.752795
58105,58,museo civico ARCHEOLOGICO,-,Non MIBACT,,,,,,LARGO 15 MARZO 1799; SNC,-,EX CONVENTO DEI PADRI AGOSTINIANI,59.0,76692127,7669390243,museotolfa@tiscali.it,42.1497058,11.9380648
60080,60,museo archeologico “Domenico Antonio Pierantoni”,,Non MIBACT,OMR,Sistema PRE.GIO,,,,via Eresio Fertore,,Castello Caetani,3010.0,,,,,
58107,58,museo civico ETRUSCO-ROMANO,www.trevignanoromano.it,Non MIBACT,OMR,,,,,PIAZZA VITTORIO EMANUELE III; 1,-,PALAZZO COMUNALE,69.0,6999120201,69999848,museocivico@trevignanoromano.it,42.1562875,12.2456017
56052,56,RACCOLTA DI MONTEBELLO DEL MAESTRO GIUSEPPE CESETTI,-,Non MIBACT,,,,,,CENTRO STRADA MONTEBELLO; 3,-,-,1017.0,761442695,-,-,42.3550533,11.8011922
56052,56,Chiesa San Pietro,-,MIBACT,,,,,,-,Località Tuscania,-,1017.0,-,-,-,,
56052,56,Museo Archeologico Nazionale,htpp//:etruriameridionale.beniculturali.it,MIBACT,,,,,,Largo Mario Moretti; 1,-,c/o Chiesa della Madonna del Riposo,1017.0,0761 436209,0761 436209,sba-em@beniculturali.it,,
56052,56,"Necropoli ""Madonna dell'Olivo""",htpp//:etruriameridionale.beniculturali.it,MIBACT,,,,,,-,Località Madonna dell'Olivo,c/o Chiesa di Madonna dell'Olivo,1017.0,-,-,sba-em@beniculturali.it,,
56053,56,MUSEO DELLA PREISTORIA DELLA TUSCIA E DELLA ROCCA FARNESE,www.simulabo.it,Non MIBACT,OMR,Sistema museale del lago di Bolsena,,PROUST,,piazza della Vittoria; 11,-,Rocca Farnese,1018.0,761420018,761420018,museo.valentano@alice.it,,
60082,60,MUSEO DEMOETNOANTROPOLOGICO,-,Non MIBACT,,,,DEMOS,,VIA G. MARCONI; 1,-,Chiesa Sant'Antonio,3020.0,775679017,775679867,vallecorsa@libero.it,41.50588,13.4079339
58108,58,museo civico DEGLI EX-VOTO,-,Non MIBACT,,,,,,PIAZZA ITALIA; 2,-,Municipio,20.0,774899031,774899150,info@comunevallepietra.it,41.9268164,13.231029
58108,58,SALE MUSEALI 'EX VOTO' SANTUARIO SANTISSIMA TRINITA' VALLE PIETRA,-,Non MIBACT,,,,,,SANTUARIO SANTISSIMA TRINITA',Vallepietra,Santuario,20.0,774899084,774899084,p.vallepietra@tiscalinet.it,41.9257111,13.2305501
58110,58,MUSEO DI PALAZZO DORIA PAMPHILJ,-,Non MIBACT,OMR,Sistema museale dei Castelli romani e prenestini MUSEUMGRANDTOUR,,,,PIAZZA UMBERTO PILOZZI; 9,-,Palazzo Doria Pamphilj,38.0,695990229,-,cultura@comune.valmontone.rm.gov.it,41.7745041,12.9190465
56055,56,MUSEO DELLA CERAMICA DI VASANELLO,-,Non MIBACT,OMR,,,,,VIA S. SALVATORE; 19,VASANELLO,PALAZZO COMUNALE,1030.0,7614089302,3392077494,tamarapatilli@libero.it,42.4184325,12.347133
58111,58,museo civico ARCHEOLOGICO ORESTE NARDINI,www.velletrimusei.it,Non MIBACT,OMR,,Sistema museale urbano di Velletri,PROUST,,VIA G.MAMELI; 6,Velletri,Palazzo Comunale,49.0,696158268,696158239,museo.civico@comune.velletri.rm.it,,
58111,58,museo civico DI GEOPALEONTOLOGIA E PREISTORIA DEI COLLI ALBANI,www.velletrimusei.it,Non MIBACT,OMR,,Sistema museale urbano di Velletri,PROUST,,VIA G. MAMELI; 4,Velletri,palazzo comunale,49.0,696158268,696158239,museo.civico@comune.velletri.rm.it,41.6862102,12.7770365
58111,58,MUSEO DIOCESANO VELLETRI,www.museodiocesanovelletri.it,Non MIBACT,OMR,,Sistema museale urbano di Velletri,,,CORSO DELLA REPUBBLICA; 347,Velletri,Palazzo vescovile,49.0,69628838,69628838,museo@museodiocesanovelletri.com,41.682847,12.775827
59033,59,MUSEO STORICO ARCHEOLOGICO COMUNALE,www.riservaventotene.it,Non MIBACT,OMR,,,,,PIAZZA CASTELLO 1,Ventotene,Forte torre borbonico - sede comunale,4020.0,771854226,771854061,riservaventotene@comune.ventotene.lt.it,40.796358,13.432965
59033,59,museo della migrazione,,Non MIBACT,OMR,,,RESINA,,,loc. il semaforo,,4020.0,0771 85275 / 340 5412447,,museoimigrazioneventotene@gmail.com,,
60085,60,MUSEO DELLE ERBE DEI MONTI ERNICI,www.comune.veroli.fr.it,Non MIBACT,,,,,,PIAZZA MAZZOLI; 10,-,-,3029.0,775237081,775230914,segreteria.veroli@libero.it,41.6907002,13.4178082
60085,60,MUSEO  DEL DUOMO,-,Non MIBACT,,,,,,piazza Duomo; 3,-,-,3029.0,775237020,775237020,giup64@infinito.it,41.69109,13.41747
60085,60,MUSEO DELL'ABBAZIA DI CASAMARI,www.casamari.it,Non MIBACT,OMR,,,PROUST,,via Mària; 25, Casamari,Abbazia di Casamari,3029.0,0775-282371,0775-281020,info@abbaziadicasamari.it  mariaromanapicuti@alice.it,41.6677359,13.4365256
60087,60,MUSEO ALLA PACE 'I NUOVI PRIMITIVI',-,Non MIBACT,,,,,,VIA GUGLIELMO MARCONI; 56,-,C/O Palazzo del Governatore,3010.0,77541662,775418932,luciano.dabbruzzo@alice.it,41.777896,13.342014
56059,56,MUSEO DEL SODALIZIO DEI FACCHINI DI SANTA ROSA,-,Non MIBACT,OMR,,Sistema museale urbano di Viterbo,,,VIA S. PELLEGRINO 60-62,-,-,1100.0,761345157,-,-,42.41386,12.1059
56059,56,MUSEO DELLA CERAMICA DELLA TUSCIA,www.museodellaceramicadellatuscia.com,Non MIBACT,OMR,,Sistema museale urbano di Viterbo,MUSART,,VIA CAVOUR; 67,-,-,1100.0,761346136,761223674,laboratorioceramica@libero.it,42.4157124,12.1063946
56059,56,MUSEO ERBARIO DELLA TUSCIA (UTV),www.unitus.it  www.sma.unitus.it,Non MIBACT,,,,,,VIA S. CAMILLO DE LELLIS; SNC,-,UNIVERSITA' DEGLI STUDI DELLA TUSCIA; ex Facoltà di Agraria - vecchio edificio,1100.0,761357490,761357028,erbario@unitus.it,42.4206766,12.107669
56059,56,NUSEO DEL COLLE DEL DUOMO,www.museocolledelduomo.it,Non MIBACT,OMR,,Sistema museale urbano di Viterbo,,,PIAZZA S. LORENZO; 8A,-,-,1100.0,3477010187,-,museocolledelduomo@libero.it,42.4154868,12.1014472
56059,56,museo civico,www.comuneviterbo.it link museocivico,Non MIBACT,,,Sistema museale urbano di Viterbo,,,PIAZZA FRANCESCO CRISPI; 2,Viterbo,Ex convento e Chiostro  della Chiesa di S.Maria della Verità,1100.0,761348276,761348276,museocivico@comune.viterbo.it,42.4176727,12.1105913
56059,56,BIBLIOTECA S. GIUSEPPE,-,Non MIBACT,OBR,,,,,VIALE A. DIAZ; 25,-,ISTITUTO TEOLOGICO 'S. PIETRO',1100.0,761343134,761321026,biblioteca.sangiuseppe@teologicoviterbese.it,42.4125612,12.1097772
56059,56,CONFRATERNITA SS.SACRAMENTO E S.ROSARIO,www.abbaziasanmartinoalcimino.it,Non MIBACT,,,,,,PIAZZA ORATORIO 5,FRAZIONE S. Martino al Cimino,Abbazia Cistercense di S.Martino al Cimino,1100.0,761379301,-,confraternitasanmartino@gmail.com,42.4157698,12.113354
56059,56,Villa Lante della Rovere,-,MIBACT,,,,,x,Via Jacopo Barozzi; 71,Località Bagnaia,-,1031.0,-,-,-,42.42681,12.15479
56059,56,Area Archeologica Antica Città di Ferento,-,MIBACT,,,,,,Strada Provinciale Teverina; Km 8;000,-,-,1100.0,-,-,-,42.4206766,12.107669
56059,56,Museo Nazionale Etrusco di Rocca Albornoz,www.etruriameridionale.beniculturali.it,MIBACT,,,Sistema museale urbano di Viterbo,,,Piazza della Rocca; 21/b,-,-,1100.0,0761 325929,0761 325929,sba-em.roccaalbornoz@beniculturali.it,42.4216431,12.1044907
58114,58,MUSEO DEMOETNOANTROPOLOGICO DEL GIOCATTOLO,www.museogiocattolo.it,Non MIBACT,OMR,Sistema museale dei Castelli romani e prenestini MUSEUMGRANDTOUR,,,,PIAZZA INDIPENDENZA,Zagarolo,PALAZZO RUSPIGLIOSI,39.0,695769405,69524572,info@museogiocattolo.it,41.8379548,12.8311353
